organization,group,achieved_m,expected_m
IFC,Youth,0.0,0.0
WBG,Total,378.926567,466.518803
WB,Total,310.552868,349.455163
WB,Female,155.351459,180.747869
IFC,Female,0.0,0.0
IBRD,Female,41.686353,36.499439
WBG,Female,155.351459,180.747869
IFC,Total,68.310599,115.71964
WB,Youth,56.763553,64.020746
MIGA,Total,0.0631,1.344
IBRD,Youth,11.280664,10.153472
WBG,Youth,56.763553,64.020746
IDA,Total,225.389179,268.64553
IDA,Female,110.466705,141.620589
IDA,Youth,44.12391,52.806403
IBRD,Total,78.642558,75.739856
IFC (IFC/MIGA sheet),Total,68.310599,115.71964
MIGA (IFC/MIGA sheet),Total,0.0631,1.344
