project_id,country,region,fcv,dept,status,theme_health_workforce,theme_jobs_skills,theme_migration,theme_women_econ,theme_care_economy,theme_menstrual
P102459,Zambia,AFE,0,AGR,C,0,0,0,0,0,0
P103063,Lebanon,MENAAP,1,WAT,C,0,0,0,0,0,0
P104164,India,SAR,0,AGR,C,0,0,0,1,0,0
P105680,Argentina,LCR,0,WAT,A,0,0,0,0,0,0
P117635,Kenya,AFE,0,WAT,C,0,0,0,0,0,0
P118518,Moldova,ECA,0,AGR,A,0,1,0,0,0,0
P119063,Ghana,AFW,0,WAT,A,0,0,0,0,0,0
P119893,Ethiopia,AFE,1,EAE,C,0,0,0,0,0,0
P122764,Ethiopia,AFE,1,FCI,C,0,1,0,0,0,0
P125229,Zimbabwe,AFE,1,HNP,C,0,0,0,0,0,0
P126452,Brazil,LCR,0,AGR,C,0,0,0,0,0,0
P127306,Lebanon,MENAAP,1,FCI,C,0,0,0,1,0,0
P127978,Viet Nam,EAP,0,WAT,A,0,0,0,0,0,0
P128344,Ukraine,ECA,1,SPL,C,0,0,0,0,0,0
P128442,Armenia,ECA,0,HNP,C,0,0,0,0,0,0
P128605,Türkiye,ECA,0,URS,C,0,0,0,0,0,0
P129992,Dominica,LCR,0,URS,C,0,0,0,0,0,0
P130174,Niger,AFW,1,WAT,A,0,0,0,0,0,0
P130471,Uganda,AFE,0,FCI,C,0,0,0,0,0,0
P130682,Brazil,LCR,0,WAT,C,0,0,0,0,0,0
P131256,Morocco,MENAAP,0,EAE,C,0,0,0,0,0,0
P132386,Ukraine,ECA,1,WAT,C,0,0,0,0,0,0
P132634,Bangladesh,SAR,0,SPL,C,0,0,0,0,0,0
P133597,Senegal,AFW,0,SPL,C,0,0,0,0,0,0
P133703,Uzbekistan,ECA,0,AGR,C,0,0,0,0,0,0
P144135,Gabon,AFW,0,EAE,C,0,0,0,0,0,0
P144688,Albania,ECA,0,HNP,C,0,0,0,0,0,0
P144893,Ukraine,ECA,1,HNP,C,0,0,0,0,0,0
P145174,Romania,ECA,0,HNP,A,0,0,0,0,0,0
P145196,"Congo, Democratic Republic of",AFE,1,SPL,C,0,0,0,0,0,0
P145559,Kenya,AFE,0,WAT,A,0,0,0,0,0,0
P146970,Kyrgyz Republic,ECA,0,SOC,C,0,0,0,0,0,0
P147158,Brazil,LCR,0,AGR,A,0,0,0,1,0,0
P147555,"Congo, Democratic Republic of",AFE,1,HNP,C,0,0,0,0,0,0
P147665,Jamaica,LCR,0,FCI,C,0,0,0,0,0,0
P147827,Sri Lanka,SAR,0,WAT,C,0,0,0,0,0,0
P147854,Lebanon,MENAAP,1,ENV,A,0,0,0,0,0,0
P148181,Belarus,ECA,0,EDU,C,0,1,0,0,0,0
P148447,Ethiopia,AFE,1,FCI,C,0,0,0,1,0,0
P148531,India,SAR,0,HNP,C,0,0,0,0,0,0
P148797,Guinea-Bissau,AFW,1,WAT,C,0,0,0,0,0,0
P149091,Zambia,AFE,0,WAT,C,0,0,0,0,0,0
P149117,Benin,AFW,0,FCI,C,0,0,0,1,0,0
P149323,Madagascar,AFE,0,SPL,C,0,0,0,0,0,0
P149340,India,SAR,0,HNP,C,0,0,0,0,0,0
P149377,Mozambique,AFE,1,WAT,C,0,0,0,0,0,0
P149610,Uzbekistan,ECA,0,WAT,A,0,0,0,0,0,0
P149960,Myanmar,EAP,1,HNP,C,0,0,0,0,0,0
P149990,North Macedonia,ECA,0,EAE,A,0,0,0,0,0,0
P149995,Morocco,MENAAP,0,URS,A,0,0,0,0,0,0
P150080,Chad,AFW,1,HNP,C,1,0,0,0,0,0
P150327,Armenia,ECA,0,URS,C,0,0,0,0,0,0
P150361,Tanzania,AFE,0,WAT,A,0,0,0,0,0,0
P150696,Georgia,ECA,0,URS,C,0,0,0,0,0,0
P150928,Morocco,MENAAP,0,FCI,A,0,0,0,0,0,0
P150937,Tanzania,AFE,0,TDD,A,0,0,0,0,0,0
P150993,"Egypt, Arab Republic of",MENAAP,0,FCI,A,0,0,0,0,0,0
P151026,Ghana,AFW,0,TDD,C,0,1,0,0,0,0
P151169,Morocco,MENAAP,0,SOC,C,0,0,0,0,0,0
P151224,Angola,AFE,0,WAT,A,0,0,0,0,0,0
P151324,Cote d'Ivoire,AFW,0,FCI,C,0,0,0,0,0,0
P151363,Tajikistan,ECA,0,ENV,C,0,0,0,0,0,0
P151432,Ethiopia,AFE,1,SPL,C,0,0,0,0,0,0
P151439,Ecuador,LCR,0,WAT,A,0,0,0,0,0,0
P151451,Zambia,AFE,0,SPL,C,0,0,0,0,0,0
P151739,Türkiye,ECA,0,EAE,A,0,0,0,1,0,0
P151847,Kenya,AFE,0,EDU,A,0,0,0,0,0,0
P152057,Honduras,LCR,0,SPL,A,0,0,0,0,0,0
P152281,Bolivia,LCR,0,TDD,A,0,0,0,0,0,0
P152307,Jamaica,LCR,0,FCI,C,0,0,0,0,0,0
P152460,Viet Nam,EAP,0,WAT,C,0,0,0,0,0,0
P152799,Türkiye,ECA,0,HNP,C,0,0,0,0,0,0
P152822,Ethiopia,AFE,1,SOC,C,0,0,1,0,0,0
P153012,Brazil,LCR,0,URS,C,0,0,0,0,0,0
P153349,Kenya,AFE,0,AGR,C,0,0,0,0,0,0
P153437,Sierra Leone,AFW,0,AGR,A,0,1,0,0,0,0
P153743,Niger,AFW,1,EAE,C,0,0,0,0,0,0
P153781,Tanzania,AFE,0,EAE,A,0,0,0,1,0,0
P153892,China,EAP,0,AGR,C,0,0,0,0,0,0
P154112,"Egypt, Arab Republic of",MENAAP,0,WAT,A,0,0,0,0,0,0
P154525,India,SAR,0,EDU,C,0,1,0,0,0,0
P154548,Nepal,SAR,0,SPL,C,0,0,0,0,0,0
P154683,Zambia,AFE,0,ENV,C,0,0,0,0,0,0
P154698,Madagascar,AFE,0,ENV,C,0,0,0,0,0,0
P154716,China,EAP,0,SPL,C,0,0,0,0,0,0
P154778,Kyrgyz Republic,ECA,0,WAT,A,0,0,0,0,0,0
P154840,Tonga,EAP,0,URS,A,0,0,0,0,0,0
P155060,Burundi,AFE,1,FCI,C,0,0,0,0,0,0
P155087,Papua New Guinea,EAP,1,WAT,A,0,0,0,0,0,0
P155198,Morocco,MENAAP,0,SPL,C,0,0,0,0,0,0
P155303,India,SAR,0,URS,C,0,0,0,0,0,0
P155412,Kyrgyz Republic,ECA,0,AGR,A,0,0,0,0,0,0
P155617,India,SAR,0,AGR,C,0,0,0,0,0,0
P155658,Lesotho,AFE,0,HNP,C,0,0,0,0,0,0
P155732,Iraq,MENAAP,1,URS,A,0,0,0,0,0,0
P155947,Liberia,AFW,0,WAT,A,0,0,0,0,0,0
P156125,Indonesia,EAP,0,WAT,C,0,0,0,0,0,0
P156143,Viet Nam,EAP,0,WAT,C,0,0,0,0,0,0
P156165,Mauritania,AFW,0,HNP,C,0,0,1,0,0,0
P156210,Cameroon,AFW,1,URS,C,0,0,0,0,0,0
P156239,Colombia,LCR,0,WAT,A,0,0,0,0,0,0
P156241,India,SAR,0,FCI,A,0,0,0,0,0,0
P156433,Ethiopia,AFE,1,WAT,A,0,0,0,0,0,0
P156590,Ethiopia,AFE,1,FCI,A,0,0,0,0,0,0
P156634,Kenya,AFE,0,WAT,A,0,0,0,0,0,0
P156719,Haiti,LCR,1,EAE,A,0,1,0,0,0,0
P156738,Benin,AFW,0,WAT,C,0,0,0,0,0,0
P156739,Cote d'Ivoire,AFW,0,WAT,C,0,0,0,0,0,1
P156797,Nepal,SAR,0,AGR,C,0,0,0,0,0,0
P156823,Bangladesh,SAR,0,FCI,C,0,0,0,0,0,0
P156880,Colombia,LCR,0,TDD,A,0,0,0,0,0,0
P157043,Peru,LCR,0,WAT,A,0,0,0,0,0,0
P157206,Cote d'Ivoire,AFW,0,URS,C,0,0,0,0,0,0
P157599,Indonesia,EAP,0,FCI,C,0,0,0,0,0,0
P157702,India,SAR,0,AGR,C,0,1,0,0,0,0
P157715,Grenada,LCR,0,FCI,C,0,0,0,1,0,0
P157782,Guinea,AFW,0,WAT,C,0,0,0,0,0,0
P157891,Nigeria,AFW,1,URS,C,0,0,0,0,0,0
P158099,Pakistan,MENAAP,0,FCI,C,0,1,0,0,0,0
P158146,India,SAR,0,WAT,C,0,0,0,0,0,0
P158215,China,EAP,0,URS,A,0,1,0,0,0,0
P158372,Uzbekistan,ECA,0,AGR,A,0,0,0,0,0,0
P158418,Türkiye,ECA,0,WAT,A,0,0,0,0,0,0
P158434,Malawi,AFE,0,AGR,C,0,0,0,0,0,0
P158502,India,SAR,0,URS,A,0,0,0,0,0,0
P158505,Djibouti,MENAAP,0,EAE,C,0,0,0,0,0,0
P158522,India,SAR,0,AGR,A,0,0,0,0,0,0
P158570,Zambia,AFE,0,EDU,A,0,0,0,0,0,0
P158622,China,EAP,0,WAT,A,0,0,0,0,0,0
P158760,China,EAP,0,WAT,C,0,0,0,0,0,0
P158798,India,SAR,0,AGR,C,0,0,0,0,0,0
P158810,Cote d'Ivoire,AFW,0,AGR,C,0,1,0,1,0,0
P159213,Guatemala,LCR,0,HNP,A,1,0,0,0,0,0
P159220,Kyrgyz Republic,ECA,0,TDD,A,0,0,0,0,0,0
P159292,Pakistan,MENAAP,0,AGR,A,0,1,0,0,0,0
P159397,Viet Nam,EAP,0,URS,C,0,0,0,0,0,0
P159428,Pakistan,MENAAP,0,FCI,C,0,0,0,1,0,0
P159517,Papua New Guinea,EAP,1,SOC,C,0,0,0,0,0,0
P159522,Jordan,MENAAP,0,FCI,C,0,0,1,1,0,0
P159544,Uzbekistan,ECA,0,HNP,A,0,0,0,0,0,0
P159577,Pakistan,MENAAP,0,TDD,A,0,0,0,1,0,0
P159712,Pakistan,MENAAP,0,EAE,C,0,0,0,0,0,0
P159756,Madagascar,AFE,0,URS,A,0,0,0,0,0,0
P159843,Argentina,LCR,0,URS,A,0,0,0,0,0,0
P159870,China,EAP,0,ENV,C,0,0,0,0,0,0
P159929,Argentina,LCR,0,URS,C,0,0,0,0,0,0
P160005,Sri Lanka,SAR,0,URS,A,0,0,0,0,0,0
P160009,Kenya,AFE,0,EAE,A,0,0,0,0,0,0
P160096,Marshall Islands,EAP,1,ENV,A,0,0,0,0,0,0
P160170,Niger,AFW,1,EAE,C,0,0,0,0,0,0
P160230,Kyrgyz Republic,ECA,0,DDT,A,0,0,0,0,0,0
P160245,Tunisia,MENAAP,0,WAT,A,0,0,0,0,0,0
P160250,Uganda,AFE,0,GOV,A,0,0,1,0,0,0
P160279,Ethiopia,AFE,1,FCI,C,0,1,0,0,0,0
P160446,Colombia,LCR,0,EDU,A,0,0,0,0,0,0
P160488,Rwanda,AFE,0,TDD,A,0,0,0,0,0,0
P160533,Malawi,AFE,0,DDT,C,0,1,0,0,0,0
P160613,Burundi,AFE,1,ENV,C,0,0,0,0,0,0
P160642,Cote d'Ivoire,AFW,0,EDU,C,0,1,0,0,0,0
P160665,Indonesia,EAP,0,SPL,C,0,0,0,0,0,0
P160672,Lesotho,AFE,0,WAT,A,0,0,0,0,0,0
P160696,Nepal,SAR,0,SPL,C,0,1,0,0,0,0
P160708,Cabo Verde,AFW,0,EAE,A,0,1,0,1,0,0
P160766,Tanzania,AFE,0,DDT,A,0,1,0,0,0,0
P160806,"Congo, Democratic Republic of",AFE,1,FCI,C,0,1,0,1,0,0
P160819,Bangladesh,SAR,0,SPL,C,0,0,0,0,0,0
P160846,Bangladesh,SAR,0,HNP,C,0,0,1,0,0,0
P160865,Nigeria,AFW,1,AGR,A,0,0,0,0,0,0
P160926,Cameroon,AFW,1,EDU,A,0,0,0,0,0,0
P160945,Liberia,AFW,0,AGR,C,0,0,0,0,0,0
P160947,Papua New Guinea,EAP,1,HNP,C,0,0,0,0,0,0
P160948,Angola,AFE,0,HNP,C,0,0,0,0,0,0
P161067,Kenya,AFE,0,SOC,C,0,0,1,0,0,0
P161086,Bangladesh,SAR,0,DDT,A,0,1,0,0,0,0
P161163,Benin,AFW,0,HNP,C,0,1,0,0,0,0
P161227,Bangladesh,SAR,0,WAT,A,0,0,0,0,0,0
P161246,Bangladesh,SAR,0,AGR,A,0,1,0,0,0,0
P161283,Viet Nam,EAP,0,HNP,C,0,0,0,0,0,0
P161316,St. Lucia,LCR,0,EAE,A,0,1,0,0,0,0
P161317,Kenya,AFE,0,FCI,C,0,0,0,1,0,0
P161320,Solomon Islands,EAP,1,SOC,C,0,0,0,0,0,0
P161332,Senegal,AFW,0,EDU,A,0,0,0,0,1,0
P161364,Nigeria,AFW,1,SOC,C,0,0,0,0,0,0
P161386,Pakistan,MENAAP,0,EDU,C,0,0,0,0,0,0
P161392,Malawi,AFE,0,URS,C,0,0,0,0,0,0
P161432,Bangladesh,SAR,0,WAT,A,0,0,0,0,0,0
P161473,Lao People's Democratic Republic,EAP,0,AGR,C,0,0,0,0,0,0
P161540,Tuvalu,EAP,1,TDD,C,0,0,0,0,0,0
P161541,Tonga,EAP,0,SPL,C,0,1,0,0,0,0
P161568,Bangladesh,SAR,0,ENV,A,0,0,0,0,0,0
P161591,Central African Republic,AFW,1,SPL,C,0,1,0,0,0,0
P161658,Western and Central Africa,AFW,0,FCI,C,0,0,0,0,0,0
P161770,Cote d'Ivoire,AFW,0,HNP,C,0,0,0,0,0,0
P161772,Togo,AFW,0,URS,C,0,0,0,0,0,0
P161777,Mozambique,AFE,1,WAT,A,0,0,0,0,0,0
P161787,Ghana,AFW,0,FCI,C,0,0,0,0,0,0
P161869,Bangladesh,SAR,0,EAE,C,0,0,0,0,0,0
P161877,"Congo, Democratic Republic of",AFE,1,TDD,A,0,1,0,0,0,0
P161885,Nigeria,AFW,1,EAE,C,0,0,0,0,0,0
P161905,Jordan,MENAAP,0,FCI,C,0,0,0,0,0,0
P161915,Türkiye,ECA,0,URS,A,0,0,0,0,0,0
P161928,Bangladesh,SAR,0,TDD,A,0,1,0,0,0,0
P161969,"Micronesia, Federated States of",EAP,1,GOV,C,0,0,0,0,0,0
P161973,Central African Republic,AFW,1,ENV,A,0,0,0,1,0,0
P162042,Senegal,AFW,0,HNP,A,0,0,0,0,0,0
P162069,Nigeria,AFW,1,HNP,C,0,0,0,0,0,0
P162095,Pakistan,MENAAP,0,FCI,A,0,0,0,0,0,0
P162129,Sao Tome and Principe,AFE,1,FCI,C,0,0,0,0,0,0
P162178,China,EAP,0,AGR,A,0,1,0,1,0,0
P162263,Uzbekistan,ECA,0,WAT,A,0,0,0,0,0,0
P162316,Argentina,LCR,0,AGR,A,0,0,0,0,0,0
P162349,China,EAP,0,SPL,A,0,1,0,0,1,0
P162407,Jordan,MENAAP,0,EDU,A,0,0,1,0,1,0
P162565,Lao People's Democratic Republic,EAP,0,SPL,C,0,0,0,0,0,0
P162580,Western and Central Africa,AFW,0,EAE,C,0,0,0,0,0,0
P162599,Benin,AFW,0,DDT,C,0,0,0,0,0,0
P162637,Tajikistan,ECA,0,WAT,A,0,1,0,0,0,0
P162675,Cambodia,EAP,0,HNP,A,0,0,0,0,0,0
P162760,Zambia,AFE,0,EAE,C,0,0,0,0,0,0
P162835,"Egypt, Arab Republic of",MENAAP,0,FCI,A,0,1,0,1,0,0
P162901,Djibouti,MENAAP,0,URS,A,0,0,1,0,0,0
P162908,Haiti,LCR,1,AGR,C,0,0,0,0,0,0
P162916,Mauritania,AFW,0,SPL,A,0,1,0,0,0,0
P162929,Uzbekistan,ECA,0,URS,A,0,0,0,0,0,0
P162938,Kiribati,EAP,1,WAT,A,0,0,0,0,0,0
P162957,Tunisia,MENAAP,0,WAT,A,0,0,0,0,0,0
P162971,Cambodia,EAP,0,EDU,A,0,0,0,0,0,0
P163088,Sao Tome and Principe,AFE,1,EDU,C,0,1,0,0,0,0
P163108,Iraq,MENAAP,1,SPL,A,0,1,0,0,0,0
P163115,Argentina,LCR,0,TDD,C,0,1,0,0,0,0
P163140,Guinea,AFW,0,HNP,C,0,0,0,0,0,0
P163250,Bangladesh,SAR,0,ENV,C,0,0,0,1,0,0
P163260,Dominican Republic,LCR,0,AGR,A,0,0,0,0,0,0
P163264,Cambodia,EAP,0,AGR,A,0,0,0,1,0,0
P163345,Argentina,LCR,0,HNP,C,0,0,0,0,0,0
P163383,Ethiopia,AFE,1,ENV,C,0,0,0,0,0,0
P163399,Kenya,AFE,0,EDU,A,0,1,0,0,0,0
P163490,Haiti,LCR,1,TDD,C,0,0,0,0,0,0
P163531,Nicaragua,LCR,0,URS,C,0,0,0,0,0,0
P163562,Pakistan,MENAAP,0,FCI,A,0,1,0,0,0,0
P163568,"Gambia, The",AFW,0,EAE,A,0,0,0,0,0,0
P163610,Angola,AFE,0,WAT,A,0,0,0,0,0,0
P163721,Sri Lanka,SAR,0,HNP,C,0,0,0,0,0,0
P163732,Tanzania,AFE,0,WAT,C,0,0,0,0,0,0
P163734,Tajikistan,ECA,0,WAT,A,0,0,0,0,0,0
P163752,Tanzania,AFE,0,EAE,A,0,0,0,0,0,0
P163782,Uganda,AFE,0,WAT,A,0,0,0,0,0,0
P163794,Malawi,AFE,0,WAT,C,0,0,0,0,0,0
P163818,Maldives,SAR,0,EDU,A,0,1,0,1,0,0
P163836,Uganda,AFE,0,WAT,A,0,0,0,0,0,0
P163870,Madagascar,AFE,0,EAE,A,0,0,0,0,0,0
P163876,Cambodia,EAP,0,WAT,A,0,0,0,0,0,0
P163881,Cameroon,AFW,1,EAE,A,0,0,0,0,0,0
P163954,Guinea-Bissau,AFW,1,HNP,A,0,0,0,0,0,0
P163980,Kenya,AFE,0,ENV,A,0,0,0,0,0,0
P163989,Mozambique,AFE,1,URS,A,0,0,0,0,0,0
P164052,Mali,AFW,1,AGR,A,0,0,0,0,0,0
P164130,Rwanda,AFE,0,SOC,A,0,0,1,0,0,0
P164184,Guinea,AFW,0,AGR,A,0,0,0,0,0,0
P164186,Benin,AFW,0,WAT,A,0,0,0,0,0,0
P164188,Kosovo,ECA,0,DDT,C,0,1,0,0,0,0
P164211,Ghana,AFW,0,FCI,C,0,0,0,1,0,0
P164212,Sierra Leone,AFW,0,FCI,A,0,1,0,1,0,0
P164223,Malawi,AFE,0,EDU,A,0,0,0,0,0,0
P164225,Guinea,AFW,0,EAE,C,0,0,0,0,0,0
P164242,Mali,AFW,1,EAE,C,0,0,0,0,0,0
P164260,Belarus,ECA,0,WAT,C,0,0,0,0,0,0
P164262,Senegal,AFW,0,WAT,C,0,0,0,0,0,0
P164283,Guinea,AFW,0,FCI,C,0,0,0,0,0,0
P164293,Burkina Faso,AFW,1,EDU,C,0,0,0,0,0,0
P164297,Chad,AFW,1,EDU,A,0,1,0,0,0,0
P164302,Cote d'Ivoire,AFW,0,GOV,A,0,0,0,0,0,0
P164330,Ghana,AFW,0,URS,A,0,0,0,0,0,0
P164336,Ethiopia,AFE,1,AGR,C,0,0,0,0,0,0
P164345,Burkina Faso,AFW,1,WAT,A,0,0,0,0,0,0
P164354,Malawi,AFE,0,EAE,A,0,0,0,0,0,0
P164412,West Bank and Gaza,MENAAP,1,FCI,C,0,0,0,1,0,0
P164416,Burundi,AFE,1,EDU,A,0,1,1,0,0,0
P164443,Afghanistan,MENAAP,1,AGR,A,0,0,0,0,0,0
P164448,Myanmar,EAP,1,AGR,C,0,0,0,0,0,0
P164451,Ghana,AFW,0,URS,A,0,0,0,0,0,0
P164452,Nicaragua,LCR,0,HNP,C,0,0,0,0,0,0
P164486,Angola,AFE,0,AGR,C,0,0,0,0,0,0
P164498,Niger,AFW,1,TDD,A,0,0,0,0,0,0
P164536,Madagascar,AFE,0,FCI,C,0,0,0,0,0,0
P164543,Guinea,AFW,0,TDD,C,0,0,0,0,0,0
P164546,Senegal,AFW,0,EDU,C,0,0,0,0,0,0
P164584,Comoros,AFE,1,FCI,C,0,0,0,1,0,0
P164696,Burkina Faso,AFW,1,HNP,C,0,0,0,0,0,0
P164704,Pakistan,MENAAP,0,WAT,A,0,0,0,0,0,0
P164748,Chad,AFW,1,SPL,A,0,0,1,0,0,0
P164762,Afghanistan,MENAAP,1,URS,A,0,0,0,0,0,0
P164771,Malawi,AFE,0,HNP,C,0,0,0,0,1,0
P164785,Pakistan,MENAAP,0,SPL,A,0,0,0,0,0,0
P164786,Burkina Faso,AFW,1,FCI,A,0,0,0,1,0,0
P164845,Rwanda,AFE,0,HNP,A,0,0,0,0,0,0
P164847,Malawi,AFE,0,FCI,A,0,0,0,0,0,0
P164901,Lao People's Democratic Republic,EAP,0,WAT,A,0,0,0,0,0,0
P164920,Tanzania,AFE,0,TDD,A,0,1,0,0,0,0
P164932,Liberia,AFW,0,EDU,C,0,0,0,0,0,0
P164941,Tonga,EAP,0,ENV,C,0,0,0,0,0,0
P164967,Senegal,AFW,0,AGR,A,0,0,0,0,0,0
P165034,Kenya,AFE,0,FCI,C,0,0,0,0,0,0
P165055,Brazil,LCR,0,WAT,A,0,0,0,0,0,0
P165128,Tanzania,AFE,0,URS,A,0,0,0,0,0,0
P165183,"Micronesia, Federated States of",EAP,1,EAE,A,0,0,0,0,0,0
P165253,Burundi,AFE,1,HNP,C,0,0,0,0,0,0
P165313,Tajikistan,ECA,0,SOC,C,0,0,0,0,0,0
P165344,Cambodia,EAP,0,ENV,A,0,0,0,0,0,0
P165534,Mali,AFW,1,HNP,C,0,0,0,0,0,0
P165557,Ghana,AFW,0,EDU,A,0,0,0,0,0,0
P165558,Djibouti,MENAAP,0,FCI,C,0,0,0,0,0,0
P165581,Eastern and Southern Africa,AFE,0,EDU,A,0,0,0,0,0,0
P165649,Rwanda,AFE,0,FCI,C,0,0,0,0,0,0
P165651,Belarus,ECA,0,EAE,C,0,0,0,0,0,0
P165660,Tanzania,AFE,0,TDD,A,0,0,0,0,0,0
P165683,Brazil,LCR,0,WAT,A,0,0,0,0,0,0
P165695,Brazil,LCR,0,WAT,A,0,0,0,0,0,0
P165855,Central African Republic,AFW,1,AGR,A,0,0,0,0,0,0
P165870,Haiti,LCR,1,URS,A,0,0,0,0,0,0
P165872,Solomon Islands,EAP,1,WAT,A,0,0,0,0,0,0
P165873,Samoa,EAP,0,AGR,C,0,0,0,0,0,0
P165945,Mongolia,EAP,0,AGR,A,0,0,0,0,0,0
P166013,Comoros,AFE,1,HNP,A,0,0,0,0,0,0
P166072,Cameroon,AFW,1,AGR,A,0,0,0,0,0,0
P166100,Mozambique,AFE,1,SPL,C,0,1,0,0,0,0
P166107,Mozambique,AFE,1,FCI,C,0,0,0,1,0,0
P166165,Lao People's Democratic Republic,EAP,0,HNP,C,0,0,0,0,0,0
P166187,Suriname,LCR,0,FCI,A,0,0,0,0,0,0
P166193,Comoros,AFE,1,FCI,C,0,0,0,0,0,0
P166211,Benin,AFW,0,HNP,C,0,0,0,0,0,0
P166220,Djibouti,MENAAP,0,SPL,C,0,0,0,0,0,0
P166222,Papua New Guinea,EAP,1,AGR,A,0,0,0,1,0,0
P166239,Nigeria,AFW,1,EDU,A,0,1,0,0,0,0
P166279,Jamaica,LCR,0,AGR,A,0,1,0,0,0,0
P166305,Uzbekistan,ECA,0,AGR,A,0,1,0,1,0,0
P166308,Pakistan,MENAAP,0,HNP,C,0,0,1,0,0,0
P166309,Pakistan,MENAAP,0,EDU,A,0,0,0,0,0,0
P166328,Dominica,LCR,0,AGR,A,0,0,0,1,0,0
P166373,India,SAR,0,HNP,C,0,0,0,0,0,0
P166420,Papua New Guinea,EAP,1,SOC,A,0,0,0,0,0,0
P166537,Dominica,LCR,0,URS,C,0,0,0,0,0,0
P166538,Senegal,AFW,0,URS,A,0,0,0,0,0,0
P166539,Ghana,AFW,0,FCI,A,0,1,0,1,0,0
P166685,Uganda,AFE,0,EAE,A,0,0,0,1,0,0
P166695,"Gambia, The",AFW,0,GOV,C,0,0,0,0,0,0
P166697,Eswatini,AFE,0,WAT,A,0,0,0,0,0,1
P166730,Guyana,LCR,0,EAE,A,0,0,0,0,0,0
P166732,Pakistan,MENAAP,0,TDD,A,0,0,0,0,0,0
P166783,St. Lucia,LCR,0,HNP,C,0,0,0,0,0,0
P166941,Ukraine,ECA,1,AGR,C,0,0,0,0,0,0
P167000,"Egypt, Arab Republic of",MENAAP,0,HNP,A,0,0,0,0,0,0
P167156,Nigeria,AFW,1,HNP,A,0,0,0,0,0,0
P167183,Nigeria,AFW,1,DDT,A,0,0,0,0,0,0
P167184,Papua New Guinea,EAP,1,HNP,A,0,0,0,0,0,0
P167328,Mauritania,AFW,0,WAT,A,0,0,0,0,0,0
P167380,Tunisia,MENAAP,0,FCI,A,0,0,0,1,0,0
P167416,Ecuador,LCR,0,SPL,A,0,0,0,0,0,0
P167428,Kyrgyz Republic,ECA,0,URS,A,0,0,0,0,0,0
P167455,Brazil,LCR,0,AGR,A,0,0,0,0,0,0
P167506,Bangladesh,SAR,0,EDU,A,0,1,0,0,0,0
P167512,Haiti,LCR,1,HNP,A,0,0,0,0,0,0
P167543,Niger,AFW,1,DDT,A,0,0,0,0,0,0
P167581,India,SAR,0,HNP,C,0,0,0,0,0,0
P167598,Kyrgyz Republic,ECA,0,HNP,A,0,0,0,0,0,0
P167619,Morocco,MENAAP,0,EDU,A,0,0,0,0,1,0
P167678,Benin,AFW,0,ENV,A,0,0,0,0,0,0
P167681,Senegal,AFW,0,SPL,C,0,1,0,0,0,0
P167762,Bangladesh,SAR,0,URS,A,0,0,1,0,0,0
P167790,Moldova,ECA,0,EDU,A,0,1,0,0,0,0
P167794,Ethiopia,AFE,1,WAT,A,0,0,0,0,0,0
P167860,Malawi,AFE,0,WAT,A,0,0,0,1,0,0
P167890,"Congo, Republic of",AFW,1,HNP,C,0,0,0,0,0,0
P167894,Morocco,MENAAP,0,TDD,A,0,1,0,0,0,0
P167897,Sierra Leone,AFW,0,EDU,A,0,0,0,0,0,0
P167900,Tunisia,MENAAP,0,TDD,A,0,0,0,1,0,0
P167901,Timor-Leste,EAP,1,WAT,C,0,0,0,0,0,0
P167945,Burkina Faso,AFW,1,AGR,A,0,0,0,0,0,0
P167959,Cote d'Ivoire,AFW,0,HNP,C,0,0,0,0,0,0
P167996,Paraguay,LCR,0,HNP,A,0,0,0,0,0,0
P168061,China,EAP,0,AGR,A,0,0,0,0,0,0
P168115,"Somalia, Federal Republic of",AFE,1,FCI,A,0,1,0,1,0,0
P168132,Benin,AFW,0,AGR,A,0,0,0,0,0,0
P168290,Viet Nam,EAP,0,URS,A,0,0,0,0,0,0
P168295,West Bank and Gaza,MENAAP,1,EDU,A,0,0,0,0,1,0
P168308,Cote d'Ivoire,AFW,0,URS,A,0,0,0,0,0,0
P168326,Tajikistan,ECA,0,FCI,A,0,1,0,0,0,0
P168385,Honduras,LCR,0,AGR,A,0,1,0,0,0,0
P168425,Tunisia,MENAAP,0,DDT,A,0,0,0,0,0,0
P168549,St Maarten,LCR,0,FCI,A,0,0,0,0,0,0
P168551,Rwanda,AFE,0,EDU,A,0,0,0,0,0,0
P168564,Eswatini,AFE,0,HNP,C,0,0,0,0,0,0
P168577,Malawi,AFE,0,FCI,A,0,0,0,1,0,0
P168608,Sierra Leone,AFW,0,URS,A,0,0,0,0,0,0
P168613,Guinea,AFW,0,ENV,A,0,0,0,0,0,0
P168633,India,SAR,0,URS,A,0,0,0,0,0,0
P168756,"Congo, Democratic Republic of",AFE,1,HNP,A,0,0,0,0,0,0
P168772,Cameroon,AFW,1,WAT,A,0,0,0,0,0,0
P168777,Guinea,AFW,0,SPL,A,0,0,0,0,0,0
P168779,Niger,AFW,1,EDU,A,0,0,0,0,0,0
P168812,Mali,AFW,1,FCI,A,0,0,0,1,0,0
P168943,Bosnia and Herzegovina,ECA,0,WAT,A,0,0,0,0,0,0
P169021,"Congo, Democratic Republic of",AFE,1,AGR,A,0,0,0,0,0,0
P169064,Nigeria,AFW,1,EDU,C,0,0,0,0,0,0
P169071,Pakistan,MENAAP,0,WAT,A,0,0,0,0,0,0
P169120,South Sudan,AFE,1,AGR,A,0,0,0,1,0,0
P169134,Brazil,LCR,0,TDD,A,0,1,0,0,0,0
P169165,Tanzania,AFE,0,SPL,C,0,0,0,0,0,0
P169168,Tajikistan,ECA,0,EDU,A,0,0,0,0,0,0
P169198,Malawi,AFE,0,SPL,A,0,0,0,0,0,0
P169315,Burundi,AFE,1,SOC,A,0,0,0,1,0,0
P169342,Bangladesh,SAR,0,WAT,A,0,0,0,0,0,0
P169403,Indonesia,EAP,0,URS,C,0,0,0,0,0,0
P169641,Liberia,AFW,0,HNP,A,0,0,0,0,0,0
P169677,El Salvador,LCR,0,HNP,A,0,0,0,0,0,0
P169718,Liberia,AFW,0,URS,A,0,0,0,0,0,0
P169758,China,EAP,0,AGR,A,0,0,0,1,0,0
P169779,Angola,AFE,0,SPL,C,0,0,0,0,0,0
P169866,Colombia,LCR,0,HNP,C,0,0,0,0,0,0
P169901,Honduras,LCR,0,WAT,A,0,0,0,0,0,0
P169921,Nigeria,AFW,1,EDU,C,0,1,0,0,0,0
P169970,Afghanistan,MENAAP,1,WAT,A,0,0,0,0,0,0
P169983,Angola,AFE,0,MTI,C,0,0,0,0,0,0
P169996,Türkiye,ECA,0,WAT,A,0,0,1,0,0,0
P170185,Serbia,ECA,0,FCI,A,0,0,0,0,0,0
P170215,Nepal,SAR,0,AGR,A,0,0,0,0,0,0
P170230,Pakistan,MENAAP,0,EAE,A,0,0,0,0,0,0
P170267,North Macedonia,ECA,0,TDD,A,0,0,0,0,0,0
P170278,Lesotho,AFE,0,HNP,A,0,0,0,0,0,0
P170409,Nepal,SAR,0,TDD,A,0,1,0,0,0,0
P170425,Benin,AFW,0,SPL,A,0,1,0,0,0,0
P170435,Tanzania,AFE,0,HNP,A,0,0,0,0,0,0
P170466,Uganda,AFE,0,ENV,A,0,0,0,0,0,0
P170469,Honduras,LCR,0,WAT,A,0,0,0,0,0,0
P170480,Tanzania,AFE,0,EDU,A,0,0,0,0,0,0
P170482,Burkina Faso,AFW,1,ENV,A,0,0,0,1,0,0
P170532,Türkiye,ECA,0,TDD,A,0,0,0,0,0,0
P170542,Kyrgyz Republic,ECA,0,EDU,A,0,0,0,0,0,0
P170561,Cameroon,AFW,1,EDU,A,0,1,0,0,0,0
P170645,India,SAR,0,AGR,C,0,0,0,0,0,0
P170658,Peru,LCR,0,DDT,A,0,0,0,0,0,0
P170664,Nigeria,AFW,1,EDU,A,0,1,0,0,0,0
P170669,Jordan,MENAAP,0,FCI,A,0,1,0,0,0,0
P170682,Brazil,LCR,0,URS,A,0,0,0,0,0,0
P170688,Bangladesh,SAR,0,FCI,A,0,1,0,0,0,0
P170734,Nigeria,AFW,1,WAT,A,0,0,0,0,0,0
P170811,India,SAR,0,URS,A,0,0,0,0,0,0
P170868,Serbia,ECA,0,TDD,A,0,0,0,0,0,0
P170891,Albania,ECA,0,WAT,A,0,0,0,0,0,0
P170922,"Somalia, Federal Republic of",AFE,1,URS,A,0,0,1,0,0,0
P171040,Mozambique,AFE,1,URS,A,0,0,0,0,0,0
P171056,Madagascar,AFE,0,SOC,A,0,0,0,0,0,0
P171099,Cabo Verde,AFW,0,DDT,A,0,1,0,1,0,0
P171125,Mauritania,AFW,0,SPL,A,0,0,1,0,0,0
P171141,"Congo, Democratic Republic of",AFE,1,URS,A,0,0,0,0,0,0
P171144,Bangladesh,SAR,0,HNP,A,0,0,0,0,0,0
P171158,Central African Republic,AFW,1,HNP,A,0,1,0,0,0,0
P171189,Tanzania,AFE,0,URS,A,0,0,0,0,0,0
P171266,Bosnia and Herzegovina,ECA,0,AGR,A,0,0,0,0,0,0
P171296,Jordan,MENAAP,0,EAE,A,0,0,0,0,0,0
P171331,Cambodia,EAP,0,AGR,A,0,0,0,0,0,0
P171339,Uganda,AFE,0,TDD,A,0,0,1,0,0,0
P171346,"Somalia, Federal Republic of",AFE,1,SPL,A,0,0,0,0,0,0
P171361,Comoros,AFE,1,URS,A,0,0,0,0,0,0
P171417,Pakistan,MENAAP,0,GOV,A,0,0,0,0,0,0
P171422,Pakistan,MENAAP,0,WAT,A,0,0,0,0,0,0
P171448,Türkiye,ECA,0,FCI,C,0,0,0,0,0,0
P171449,Mozambique,AFE,1,URS,A,0,0,0,0,0,0
P171462,Rwanda,AFE,0,AGR,A,0,0,0,0,0,0
P171465,Grenada,LCR,0,URS,A,0,0,0,0,0,0
P171528,Dominica,LCR,0,DDT,A,0,1,0,1,0,0
P171607,Uganda,AFE,0,FCI,A,0,1,1,0,0,0
P171611,Chad,AFW,1,ENV,C,0,0,0,0,0,0
P171613,Cote d'Ivoire,AFW,0,AGR,A,0,0,0,0,0,0
P171648,Bangladesh,SAR,0,HNP,C,0,0,1,0,0,0
P171658,Mali,AFW,1,URS,A,0,1,0,0,0,0
P171664,Mozambique,AFE,1,FCI,A,0,1,0,1,0,0
P171700,Viet Nam,EAP,0,URS,A,0,0,0,0,0,0
P171766,Türkiye,ECA,0,SPL,A,0,1,1,0,0,0
P171767,Niger,AFW,1,HNP,A,0,0,0,0,0,0
P171778,Dominican Republic,LCR,0,WAT,A,0,0,0,0,0,0
P171793,Niger,AFW,1,TDD,A,0,0,0,0,0,0
P171833,Grenada,LCR,0,ENV,A,0,0,0,1,0,0
P171886,Afghanistan,MENAAP,1,FCI,A,0,0,0,1,0,0
P171924,Marshall Islands,EAP,1,EDU,A,0,1,0,0,0,0
P171933,Ghana,AFW,0,ENV,A,0,0,0,0,0,0
P171967,Eastern and Southern Africa,AFE,0,FCI,A,0,0,0,0,0,0
P171976,Haiti,LCR,1,DDT,A,0,1,0,0,0,0
P171997,Liberia,AFW,0,FCI,A,0,0,0,1,0,0
P172012,Liberia,AFW,0,ENV,A,0,0,0,1,0,0
P172024,Croatia,ECA,0,FCI,C,0,0,0,0,0,0
P172031,"Somalia, Federal Republic of",AFE,1,HNP,A,1,0,0,0,0,0
P172284,Ethiopia,AFE,1,EDU,A,0,0,1,0,0,0
P172350,Mozambique,AFE,1,GOV,A,0,0,0,1,0,0
P172422,Senegal,AFW,0,URS,A,0,0,0,0,0,0
P172425,Cote d'Ivoire,AFW,0,FCI,A,0,0,0,1,0,0
P172426,"Egypt, Arab Republic of",MENAAP,0,HNP,A,0,0,0,0,0,0
P172434,"Somalia, Federal Republic of",AFE,1,EDU,A,0,0,0,0,0,0
P172479,Ethiopia,AFE,1,SPL,A,0,0,0,0,0,0
P172504,Chad,AFW,1,HNP,A,1,0,0,0,0,0
P172524,Senegal,AFW,0,DDT,A,0,1,0,0,0,0
P172562,Türkiye,ECA,0,ENV,A,0,0,0,1,0,0
P172592,Belize,LCR,0,AGR,A,0,0,0,1,0,0
P172605,Brazil,LCR,0,SPL,A,0,0,0,0,0,0
P172615,Pakistan,MENAAP,0,HNP,A,0,0,0,0,0,0
P172627,Malawi,AFE,0,EDU,A,0,1,0,0,0,0
P172689,Argentina,LCR,0,WAT,A,0,0,0,0,0,0
P172774,Lao People's Democratic Republic,EAP,0,EDU,A,0,1,0,0,0,0
P172788,Maldives,SAR,0,EAE,A,0,1,0,0,0,0
P172800,Cote d'Ivoire,AFW,0,EDU,A,0,1,0,0,0,0
P172809,Morocco,MENAAP,0,SPL,A,0,0,0,0,0,0
P172817,Bangladesh,SAR,0,ENV,A,0,0,0,0,0,0
P172834,Pakistan,MENAAP,0,EDU,A,0,1,0,0,0,0
P172899,Ecuador,LCR,0,FCI,A,0,0,0,0,0,0
P172926,Morocco,MENAAP,0,ENV,A,0,0,0,0,0,0
P172940,Benin,AFW,0,HNP,A,0,0,0,0,0,0
P172945,Pakistan,MENAAP,0,URS,A,0,0,0,0,0,0
P172988,Burundi,AFE,1,TDD,A,0,0,0,0,0,0
P173025,Türkiye,ECA,0,URS,A,0,0,0,0,0,0
P173065,Kenya,AFE,0,,A,0,0,0,0,0,0
P173070,"Gambia, The",AFW,0,AGR,A,0,1,0,0,0,0
P173076,Moldova,ECA,0,WAT,A,0,1,0,0,0,1
P173125,Honduras,LCR,0,WAT,A,0,0,0,0,0,0
P173151,Eswatini,AFE,0,EDU,A,0,0,0,0,0,0
P173168,Ghana,AFW,0,HNP,A,0,0,0,0,0,0
P173197,Chad,AFW,1,AGR,A,0,1,0,0,0,0
P173233,Indonesia,EAP,0,FCI,C,0,0,0,0,0,0
P173240,Cameroon,AFW,1,DDT,A,0,0,0,1,0,0
P173278,Vanuatu,EAP,0,URS,A,0,0,0,0,0,0
P173283,Ecuador,LCR,0,ENV,A,0,0,0,0,0,0
P173287,"Gambia, The",AFW,0,HNP,A,0,0,0,0,0,0
P173315,"Somalia, Federal Republic of",AFE,1,URS,A,0,0,0,0,0,0
P173368,Cambodia,EAP,0,HNP,A,0,0,0,0,0,0
P173373,Rwanda,AFE,0,DDT,A,0,0,0,1,0,0
P173391,Indonesia,EAP,0,ENV,A,0,0,0,0,0,0
P173399,Pakistan,MENAAP,0,EDU,A,0,0,0,0,0,0
P173407,Lao People's Democratic Republic,EAP,0,EDU,A,0,0,0,0,0,0
P173506,"Congo, Democratic Republic of",AFE,1,EAE,A,0,0,0,0,0,0
P173518,Mozambique,AFE,1,WAT,A,0,0,0,0,0,0
P173521,Sudan,AFE,1,SPL,C,0,0,0,0,0,0
P173582,"Yemen, Republic of",MENAAP,1,SPL,A,0,1,0,1,0,0
P173589,India,SAR,0,HNP,A,0,0,0,0,0,0
P173620,Montenegro,ECA,0,TDD,A,0,0,0,0,0,0
P173640,Mozambique,AFE,1,SPL,A,0,0,0,0,0,0
P173663,Pakistan,MENAAP,0,URS,A,0,0,0,0,0,0
P173704,India,SAR,0,EDU,A,0,0,0,0,0,0
P173716,Viet Nam,EAP,0,WAT,A,0,0,0,0,0,0
P173731,"Somalia, Federal Republic of",AFE,1,GOV,A,1,0,0,0,0,0
P173734,Kyrgyz Republic,ECA,0,WAT,A,0,0,0,0,0,0
P173746,China,EAP,0,HNP,A,0,0,0,0,0,0
P173749,Benin,AFW,0,EAE,A,0,0,0,0,0,0
P173750,Ethiopia,AFE,1,HNP,A,0,0,0,0,0,0
P173765,Tajikistan,ECA,0,HNP,C,0,0,0,0,0,0
P173783,Sao Tome and Principe,AFE,1,HNP,C,0,0,0,0,0,0
P173788,Ghana,AFW,0,HNP,A,0,0,0,0,0,0
P173806,Malawi,AFE,0,HNP,A,0,0,0,0,0,0
P173813,Cote d'Ivoire,AFW,0,HNP,C,0,0,0,0,0,0
P173820,Kenya,AFE,0,HNP,A,1,1,0,0,0,0
P173825,"Congo, Democratic Republic of",AFE,1,HNP,C,1,0,0,0,0,0
P173830,Niger,AFW,1,SOC,A,0,0,1,0,0,0
P173838,Senegal,AFW,0,HNP,A,0,0,0,0,0,0
P173845,Burundi,AFE,1,HNP,A,0,0,0,0,0,0
P173846,Niger,AFW,1,HNP,C,0,0,0,0,0,0
P173855,Rwanda,AFE,0,HNP,C,0,0,0,0,0,0
P173857,Cabo Verde,AFW,0,HNP,A,0,0,0,0,0,0
P173858,Burkina Faso,AFW,1,HNP,C,0,0,0,0,0,0
P173867,Sri Lanka,SAR,0,HNP,C,0,0,0,0,0,0
P173883,Eswatini,AFE,0,HNP,C,0,1,0,0,0,0
P173939,Lesotho,AFE,0,HNP,C,0,0,0,0,0,0
P173958,India,SAR,0,HNP,A,0,0,0,0,0,0
P173974,Jordan,MENAAP,0,SPL,A,0,0,0,0,0,0
P173975,Georgia,ECA,0,FCI,A,0,0,0,1,0,0
P174002,Mozambique,AFE,1,AGR,A,0,0,0,1,0,0
P174005,Morocco,MENAAP,0,FCI,C,0,0,0,0,0,0
P174028,Kyrgyz Republic,ECA,0,FCI,A,0,0,0,0,0,0
P174034,Niger,AFW,1,EAE,A,0,0,0,0,0,0
P174041,Uganda,AFE,0,HNP,C,1,1,0,0,0,0
P174065,"Somalia, Federal Republic of",AFE,1,SPL,C,0,0,0,0,0,0
P174066,Philippines,EAP,0,SPL,A,0,0,0,0,0,0
P174078,West Bank and Gaza,MENAAP,1,SPL,A,0,1,0,0,0,0
P174085,Bangladesh,SAR,0,SPL,A,0,1,0,0,0,0
P174111,Haiti,LCR,1,SPL,A,0,0,0,0,0,0
P174112,Türkiye,ECA,0,FCI,C,0,0,0,0,0,0
P174114,Nigeria,AFW,1,SPL,A,0,0,0,1,0,0
P174116,Mongolia,EAP,0,SPL,A,0,1,0,0,0,0
P174135,Uzbekistan,ECA,0,ENV,A,0,0,0,0,0,0
P174137,Philippines,EAP,0,ENV,A,0,1,0,0,0,0
P174169,Lao People's Democratic Republic,EAP,0,FCI,A,0,0,0,1,0,0
P174170,"Yemen, Republic of",MENAAP,1,AGR,C,0,0,0,0,0,0
P174178,"Congo, Republic of",AFW,1,SPL,A,0,1,0,0,0,0
P174185,Zambia,AFE,0,HNP,C,0,0,0,0,0,0
P174266,Togo,AFW,0,HNP,A,0,0,0,0,0,0
P174275,Sao Tome and Principe,AFE,1,MTI,C,0,0,0,0,0,0
P174300,Djibouti,MENAAP,0,TDD,A,0,1,0,0,0,0
P174329,Malawi,AFE,0,EDU,A,0,0,0,0,0,0
P174336,Guinea-Bissau,AFW,1,AGR,C,0,0,0,0,0,0
P174352,Sudan,AFE,1,HNP,C,1,0,0,0,0,0
P174379,Azerbaijan,ECA,0,TDD,A,0,0,0,0,0,0
P174399,Bhutan,SAR,0,SPL,A,0,0,0,0,0,0
P174402,Pakistan,MENAAP,0,DDT,A,0,0,0,0,0,0
P174414,Niger,AFW,1,WAT,A,0,0,0,0,0,0
P174417,Liberia,AFW,0,SPL,A,0,0,0,1,0,0
P174434,Tonga,EAP,0,URS,A,0,0,0,0,0,0
P174461,Djibouti,MENAAP,0,DDT,A,0,1,0,0,0,0
P174477,Madagascar,AFE,0,WAT,A,0,0,0,0,0,0
P174484,Pakistan,MENAAP,0,SPL,A,0,0,0,0,0,0
P174495,Chad,AFW,1,EAE,A,0,0,0,0,0,0
P174546,South Sudan,AFE,1,AGR,C,0,0,0,1,0,0
P174576,Guinea-Bissau,AFW,1,EAE,A,0,0,0,0,0,0
P174595,Albania,ECA,0,TDD,A,0,0,0,0,0,0
P174604,Bosnia and Herzegovina,ECA,0,FCI,C,0,1,0,0,0,0
P174620,Central African Republic,AFW,1,DDT,A,0,0,0,1,0,0
P174637,Papua New Guinea,EAP,1,SPL,A,0,0,0,0,0,0
P174639,Mozambique,AFE,1,TDD,A,0,0,0,0,0,0
P174684,Madagascar,AFE,0,FCI,A,0,1,0,1,0,0
P174732,India,SAR,0,WAT,A,0,0,0,0,0,0
P174757,Senegal,AFW,0,FCI,A,0,0,0,1,0,0
P174798,India,SAR,0,ENV,A,0,1,0,0,0,0
P174867,"Somalia, Federal Republic of",AFE,1,WAT,A,0,0,0,0,0,0
P174903,Madagascar,AFE,0,HNP,A,0,0,0,0,0,0
P174915,Türkiye,ECA,0,WAT,A,0,0,0,0,0,0
P175011,Türkiye,ECA,0,AGR,A,0,0,0,0,0,0
P175017,Kenya,AFE,0,FCI,A,0,0,0,1,0,0
P175036,"Yemen, Republic of",MENAAP,1,EDU,C,0,0,0,0,0,0
P175043,Cote d'Ivoire,AFW,0,SOC,A,0,0,0,0,0,0
P175110,Madagascar,AFE,0,HNP,A,0,0,0,0,0,0
P175137,"Egypt, Arab Republic of",MENAAP,0,TDD,A,0,0,0,0,0,0
P175143,Argentina,LCR,0,FCI,A,0,0,0,0,0,0
P175167,Ethiopia,AFE,1,HNP,A,0,0,0,0,0,0
P175191,Bosnia and Herzegovina,ECA,0,MTI,C,0,0,0,0,0,0
P175218,Indonesia,EAP,0,SPL,A,0,0,0,0,0,0
P175261,India,SAR,0,GOV,A,0,0,0,0,0,0
P175263,Liberia,AFW,0,AGR,A,0,0,0,1,0,0
P175273,Rwanda,AFE,0,FCI,A,0,0,0,0,0,0
P175295,Mozambique,AFE,1,EAE,A,0,0,0,0,0,0
P175298,Mozambique,AFE,1,HNP,A,0,0,1,0,0,0
P175320,Paraguay,LCR,0,URS,A,0,1,0,0,0,0
P175322,Mozambique,AFE,1,TDD,A,0,0,0,0,0,0
P175325,Senegal,AFW,0,SOC,A,0,0,0,0,0,0
P175327,Burundi,AFE,1,SPL,A,0,1,0,0,0,0
P175356,Tajikistan,ECA,0,WAT,A,0,0,0,0,0,0
P175363,Cameroon,AFW,1,SPL,A,0,0,0,0,0,0
P175455,Georgia,ECA,0,EDU,A,0,0,0,0,0,0
P175483,Djibouti,MENAAP,0,EDU,A,0,1,1,0,0,0
P175493,Philippines,EAP,0,HNP,A,0,0,0,0,0,0
P175594,Cote d'Ivoire,AFW,0,SPL,A,0,0,0,0,0,0
P175629,Georgia,ECA,0,WAT,A,0,0,0,0,0,0
P175672,Bolivia,LCR,0,AGR,A,0,0,0,0,0,0
P175676,India,SAR,0,HNP,A,0,0,0,0,0,0
P175720,Grenada,LCR,0,URS,A,0,0,0,0,0,0
P175723,Brazil,LCR,0,AGR,A,0,0,0,0,0,0
P175728,India,SAR,0,URS,A,0,0,0,0,0,0
P175768,Benin,AFW,0,EDU,A,0,1,0,1,0,0
P175783,Lesotho,AFE,0,FCI,A,0,0,0,1,0,0
P175791,"Yemen, Republic of",MENAAP,1,URS,A,0,0,0,0,0,0
P175803,Chad,AFW,1,EDU,A,0,0,0,0,0,0
P175820,Bangladesh,SAR,0,AGR,A,0,0,0,1,0,0
P175828,Cabo Verde,AFW,0,EDU,A,0,1,0,0,1,0
P175830,Senegal,AFW,0,URS,A,0,0,0,0,0,0
P175834,"Congo, Democratic Republic of",AFE,1,SOC,A,0,0,0,0,0,0
P175840,Comoros,AFE,1,HNP,A,0,0,0,0,0,0
P175846,Cameroon,AFW,1,SOC,A,0,0,0,0,0,0
P175884,Mozambique,AFE,1,HNP,C,0,0,0,0,0,0
P175895,Ukraine,ECA,1,HNP,C,1,1,0,0,0,0
P175915,Senegal,AFW,0,ENV,A,0,1,0,0,0,0
P175952,Tajikistan,ECA,0,AGR,A,0,0,0,0,0,0
P175982,Cote d'Ivoire,AFW,0,ENV,A,0,1,0,0,0,0
P176013,Lebanon,MENAAP,1,FCI,C,0,0,0,1,0,0
P176017,Uzbekistan,ECA,0,AGR,A,0,1,0,1,0,0
P176025,West Bank and Gaza,MENAAP,1,WAT,A,0,0,0,0,0,0
P176032,India,SAR,0,EAE,A,0,1,0,0,0,0
P176040,Bosnia and Herzegovina,ECA,0,EAE,A,0,0,0,0,0,0
P176069,Serbia,ECA,0,FCI,A,0,0,0,0,0,0
P176105,Uruguay,LCR,0,EDU,A,0,0,0,0,0,0
P176108,Kiribati,EAP,1,DDT,A,0,0,0,0,0,0
P176126,Ghana,AFW,0,DDT,A,0,0,0,1,0,0
P176129,"Yemen, Republic of",MENAAP,1,AGR,A,0,0,0,0,0,0
P176141,Zimbabwe,AFE,1,HNP,C,0,0,0,0,0,0
P176148,Cabo Verde,AFW,0,MTI,A,0,0,0,0,0,0
P176157,Mozambique,AFE,1,URS,A,0,0,1,0,0,0
P176163,Albania,ECA,0,ENV,A,0,0,0,0,0,0
P176164,Sri Lanka,SAR,0,TDD,A,0,0,0,0,0,0
P176208,Tonga,EAP,0,TDD,A,0,0,0,0,0,0
P176214,Zambia,AFE,0,GOV,C,0,0,0,0,0,0
P176232,Uruguay,LCR,0,AGR,A,0,0,0,0,0,0
P176274,Central African Republic,AFW,1,FCI,A,0,0,0,1,0,0
P176297,Peru,LCR,0,FCI,A,0,0,0,0,0,0
P176303,Ethiopia,AFE,1,TDD,A,0,0,0,0,0,0
P176306,Kiribati,EAP,1,HNP,A,0,0,0,0,0,0
P176317,Philippines,EAP,0,DDT,A,0,0,0,0,0,0
P176352,Tunisia,MENAAP,0,SPL,A,0,0,0,0,1,0
P176374,Bangladesh,SAR,0,AGR,A,0,0,0,0,0,0
P176375,Türkiye,ECA,0,EAE,A,0,0,0,0,0,0
P176383,Guinea-Bissau,AFW,1,GOV,A,0,1,0,0,0,0
P176396,Burundi,AFE,1,DDT,A,0,0,0,0,0,0
P176404,India,SAR,0,SPL,A,0,0,0,0,0,0
P176429,Bangladesh,SAR,0,WAT,A,0,0,0,0,0,0
P176459,Mozambique,AFE,1,DDT,A,0,0,0,0,0,0
P176478,Kiribati,EAP,1,WAT,A,0,0,0,0,0,0
P176480,South Sudan,AFE,1,HNP,C,0,0,0,0,0,0
P176517,"Somalia, Federal Republic of",AFE,1,FCI,A,0,0,0,0,0,0
P176532,Honduras,LCR,0,HNP,A,0,0,0,0,0,0
P176549,Bangladesh,SAR,0,TDD,A,0,1,0,0,0,0
P176570,"Yemen, Republic of",MENAAP,1,HNP,A,0,0,1,0,0,0
P176575,Malawi,AFE,0,WAT,A,0,0,0,0,0,0
P176581,Dominican Republic,LCR,0,URS,A,0,0,0,0,0,0
P176589,Nepal,SAR,0,WAT,A,0,0,0,0,0,0
P176608,Türkiye,ECA,0,URS,A,0,0,0,0,0,0
P176615,Cambodia,EAP,0,WAT,A,0,0,0,0,0,0
P176619,Jordan,MENAAP,0,WAT,A,0,0,1,0,0,0
P176620,Senegal,AFW,0,EAE,A,0,0,0,1,0,0
P176623,Tanzania,AFE,0,TDD,A,0,0,0,0,0,0
P176630,Angola,AFE,0,HNP,C,0,0,0,0,0,0
P176631,Mongolia,EAP,0,DDT,A,0,1,0,1,0,0
P176633,Mali,AFW,1,EAE,A,0,0,0,0,0,0
P176653,Benin,AFW,0,URS,A,0,0,0,0,0,0
P176680,Benin,AFW,0,SPL,A,0,0,0,0,0,0
P176687,Timor-Leste,EAP,1,WAT,C,0,0,0,0,0,0
P176693,Chad,AFW,1,HNP,A,0,1,0,0,0,0
P176702,Kiribati,EAP,1,URS,A,0,0,0,0,0,0
P176747,Uganda,AFE,0,SOC,A,0,0,1,1,0,0
P176754,Central African Republic,AFW,1,AGR,A,0,0,0,0,0,0
P176769,Togo,AFW,0,EAE,A,0,0,0,0,0,0
P176772,Djibouti,MENAAP,0,FCI,A,0,0,0,0,0,0
P176780,Pakistan,MENAAP,0,ENV,A,0,0,0,0,0,0
P176786,Pakistan,MENAAP,0,AGR,A,0,0,0,0,0,0
P176803,Armenia,ECA,0,GOV,A,0,0,0,0,0,0
P176841,Madagascar,AFE,0,HNP,C,0,0,0,0,0,0
P176867,Kenya,AFE,0,EDU,A,0,0,1,0,0,0
P176883,Togo,AFW,0,GOV,A,0,0,0,0,0,0
P176885,Rwanda,AFE,0,TDD,A,0,1,0,0,0,0
P176895,Bosnia and Herzegovina,ECA,0,SPL,A,0,1,0,0,0,0
P176898,"Somalia, Federal Republic of",AFE,1,EDU,A,0,1,0,0,0,0
P176900,South Sudan,AFE,1,SOC,A,0,0,0,1,0,0
P176902,Togo,AFW,0,WAT,A,0,0,0,0,0,1
P176905,Argentina,LCR,0,AGR,A,0,1,0,0,0,0
P176924,"Gambia, The",AFW,0,GOV,A,0,0,0,0,0,0
P176932,Guinea,AFW,0,DDT,A,0,1,0,1,0,0
P176935,Nigeria,AFW,1,SPL,A,0,0,0,0,0,0
P176943,St. Vincent and the Grenadines,LCR,0,URS,A,0,0,0,0,0,0
P176956,"Somalia, Federal Republic of",AFE,1,HNP,A,0,0,0,0,0,0
P176981,Cabo Verde,AFW,0,FCI,A,0,0,0,1,0,0
P177003,Central African Republic,AFW,1,HNP,A,0,0,0,0,0,0
P177004,Angola,AFE,0,WAT,A,0,1,0,0,0,0
P177005,Burkina Faso,AFW,1,FCI,A,0,1,0,1,0,0
P177031,Sierra Leone,AFW,0,URS,A,0,0,0,0,0,0
P177040,Maldives,SAR,0,DDT,A,0,0,0,0,0,0
P177041,Mali,AFW,1,ENV,A,0,0,0,1,0,0
P177043,Niger,AFW,1,ENV,A,0,0,0,1,0,0
P177044,Chad,AFW,1,URS,A,0,0,0,0,0,0
P177053,"Yemen, Republic of",MENAAP,1,TDD,A,0,1,0,1,0,0
P177062,Cote d'Ivoire,AFW,0,URS,A,0,0,0,0,0,0
P177069,Pakistan,MENAAP,0,TDD,A,0,0,0,0,0,0
P177077,Sierra Leone,AFW,0,DDT,A,0,1,0,0,0,0
P177095,Guinea,AFW,0,SOC,A,0,0,0,0,0,0
P177118,Cote d'Ivoire,AFW,0,WAT,A,0,0,0,0,0,0
P177163,Chad,AFW,1,URS,A,0,0,0,0,0,0
P177179,"Gambia, The",AFW,0,FCI,A,0,0,0,1,0,0
P177210,Haiti,LCR,1,TDD,A,0,0,0,0,0,0
P177325,Tajikistan,ECA,0,WAT,A,0,0,0,0,0,0
P177329,Marshall Islands,EAP,1,HNP,A,0,0,0,0,1,0
P177407,Kyrgyz Republic,ECA,0,ENV,A,0,1,0,0,0,0
P177450,China,EAP,0,ENV,A,0,1,0,0,0,0
P177467,Kyrgyz Republic,ECA,0,ENV,A,0,0,0,0,0,0
P177492,Rwanda,AFE,0,SPL,A,0,1,0,0,0,0
P177533,Chile,LCR,0,EAE,A,0,1,0,0,0,0
P177627,"Somalia, Federal Republic of",AFE,1,WAT,A,0,0,0,0,0,0
P177663,South Sudan,AFE,1,SPL,A,0,0,0,0,0,0
P177671,India,SAR,0,AGR,A,0,1,0,0,0,0
P177688,Burundi,AFE,1,FCI,A,0,1,1,1,0,0
P177722,Tajikistan,ECA,0,FCI,A,0,0,0,1,0,0
P177741,Guyana,LCR,0,EDU,A,0,1,0,0,0,0
P177782,Cameroon,AFW,1,AGR,A,0,0,0,0,0,0
P177786,"Congo, Republic of",AFW,1,ENV,A,0,0,0,1,0,0
P177800,Cote d'Ivoire,AFW,0,EDU,A,0,0,0,0,0,0
P177814,Lesotho,AFE,0,SPL,A,0,0,0,0,0,0
P177823,Dominican Republic,LCR,0,WAT,A,0,0,0,0,0,0
P177825,Uzbekistan,ECA,0,AGR,A,0,0,0,0,0,0
P177875,Burkina Faso,AFW,1,GOV,A,1,0,0,0,0,0
P177895,Moldova,ECA,0,FCI,A,0,0,0,1,0,0
P177902,Nepal,SAR,0,TDD,A,0,1,0,1,0,0
P177932,"Egypt, Arab Republic of",MENAAP,0,TDD,A,0,0,0,0,1,0
P177947,Sierra Leone,AFW,0,FCI,A,0,0,0,0,0,0
P177959,Jordan,MENAAP,0,EDU,A,0,1,0,0,0,0
P178018,Sao Tome and Principe,AFE,1,SPL,A,0,0,0,0,0,0
P178033,Djibouti,MENAAP,0,HNP,A,0,0,1,0,0,0
P178035,Angola,AFE,0,FCI,A,0,0,0,1,0,0
P178040,Angola,AFE,0,GOV,A,0,0,0,0,0,0
P178077,Bangladesh,SAR,0,EDU,A,0,1,0,0,0,0
P178120,Kyrgyz Republic,ECA,0,AGR,A,0,1,0,1,0,0
P178132,Sierra Leone,AFW,0,AGR,A,0,0,0,1,0,0
P178143,"Yemen, Republic of",MENAAP,1,ENV,A,0,1,0,0,0,0
P178146,India,SAR,0,HNP,A,0,0,0,0,0,0
P178157,Tanzania,AFE,0,EDU,A,0,0,0,0,0,0
P178176,"Congo, Democratic Republic of",AFE,1,FCI,A,0,1,0,1,0,0
P178188,Haiti,LCR,1,WAT,A,0,0,0,0,0,0
P178207,Cameroon,AFW,1,TDD,A,0,0,0,0,0,0
P178215,Jordan,MENAAP,0,FCI,A,0,0,0,1,0,0
P178237,"Micronesia, Federated States of",EAP,1,ENV,A,0,0,0,0,0,0
P178252,India,SAR,0,HNP,A,0,0,0,0,0,0
P178253,India,SAR,0,AGR,A,0,0,0,0,0,0
P178254,India,SAR,0,AGR,A,0,1,0,0,0,0
P178274,Türkiye,ECA,0,FCI,A,0,1,0,0,0,0
P178280,Afghanistan,MENAAP,1,AGR,A,0,1,0,0,0,0
P178347,"Yemen, Republic of",MENAAP,1,EAE,A,0,0,0,0,0,0
P178380,Tunisia,MENAAP,0,FCI,A,0,0,0,1,0,0
P178389,"Congo, Democratic Republic of",AFE,1,WAT,A,0,1,0,0,0,0
P178410,Pakistan,MENAAP,0,HNP,A,0,0,0,0,0,0
P178417,Cambodia,EAP,0,WAT,A,0,0,0,0,0,0
P178418,India,SAR,0,AGR,A,0,0,0,0,0,0
P178481,Bangladesh,SAR,0,MTI,C,0,0,0,1,0,0
P178497,Benin,AFW,0,POV,A,0,0,0,0,0,0
P178530,Pakistan,MENAAP,0,HNP,A,0,0,0,0,0,0
P178531,Nepal,SAR,0,FCI,C,0,0,0,0,0,0
P178544,Marshall Islands,EAP,1,ENV,A,0,0,0,0,0,0
P178545,Lao People's Democratic Republic,EAP,0,SOC,A,0,0,0,0,0,0
P178557,Brazil,LCR,0,TDD,A,0,0,0,0,0,0
P178570,Dominican Republic,LCR,0,EAE,C,0,0,0,0,0,0
P178573,Guatemala,LCR,0,TDD,A,0,0,0,0,0,0
P178581,India,SAR,0,TDD,A,0,0,0,0,0,0
P178582,Jamaica,LCR,0,SPL,A,0,0,0,0,0,0
P178609,Argentina,LCR,0,DDT,A,0,1,0,0,0,0
P178633,Eastern and Southern Africa,AFE,0,HNP,A,0,0,0,0,0,0
P178635,Bhutan,SAR,0,MTI,C,0,0,0,0,0,0
P178642,"Congo, Democratic Republic of",AFE,1,ENV,A,0,0,0,0,0,0
P178653,Mozambique,AFE,1,WAT,A,0,0,0,0,0,0
P178654,South Sudan,AFE,1,EDU,A,0,1,1,0,0,0
P178658,Mozambique,AFE,1,FCI,A,0,1,0,1,0,0
P178673,Senegal,AFW,0,WAT,A,0,0,0,0,0,0
P178694,Fiji,EAP,0,TDD,A,0,0,0,1,0,0
P178699,Central African Republic,AFW,1,SOC,A,0,0,0,0,0,0
P178701,Madagascar,AFE,0,EAE,A,0,0,0,0,0,0
P178715,Albania,ECA,0,AGR,A,0,0,0,0,0,0
P178720,El Salvador,LCR,0,TDD,A,0,1,0,0,0,0
P178734,El Salvador,LCR,0,WAT,A,0,0,0,0,0,0
P178758,Afghanistan,MENAAP,1,EDU,A,0,0,0,0,0,0
P178763,Morocco,MENAAP,0,ENV,A,0,0,0,0,0,0
P178775,Afghanistan,MENAAP,1,HNP,A,0,0,0,0,0,0
P178813,Tanzania,AFE,0,SOC,A,0,0,0,1,0,0
P178819,Tajikistan,ECA,0,EAE,A,0,1,0,0,0,0
P178831,Tajikistan,ECA,0,HNP,A,0,0,0,0,0,0
P178835,Togo,AFW,0,SPL,A,0,0,0,0,0,0
P178836,Djibouti,MENAAP,0,AGR,A,0,0,0,0,0,0
P178861,Bolivia,LCR,0,WAT,A,0,0,0,0,0,0
P178878,Tajikistan,ECA,0,SPL,A,0,0,0,0,0,0
P178888,Brazil,LCR,0,FCI,A,0,0,0,1,0,0
P178891,South Sudan,AFE,1,EAE,A,0,0,0,0,0,0
P178910,Morocco,MENAAP,0,EDU,A,0,1,0,0,0,0
P178954,Malawi,AFE,0,WAT,A,0,0,0,0,0,0
P178957,Lao People's Democratic Republic,EAP,0,HNP,A,0,0,0,0,0,0
P178973,Sri Lanka,SAR,0,SPL,A,0,0,0,0,0,0
P178986,Eastern and Southern Africa,AFE,0,FCI,A,0,0,0,1,0,0
P178992,Djibouti,MENAAP,0,SPL,C,0,0,0,0,0,0
P178996,Bangladesh,SAR,0,ENV,A,0,0,0,1,0,0
P179010,Tunisia,MENAAP,0,AGR,A,0,0,0,1,0,0
P179012,Kenya,AFE,0,WAT,A,0,0,1,0,0,0
P179017,Guinea,AFW,0,WAT,A,0,0,0,0,0,0
P179024,Kyrgyz Republic,ECA,0,SPL,A,0,1,1,0,0,0
P179039,India,SAR,0,WAT,A,0,0,0,0,0,0
P179067,St Maarten,LCR,0,WAT,A,0,0,0,0,0,0
P179086,Moldova,ECA,0,MTI,C,0,0,1,0,0,0
P179095,Zambia,AFE,0,SPL,A,0,0,0,0,0,0
P179108,Uzbekistan,ECA,0,DDT,A,0,1,0,0,0,0
P179117,Chile,LCR,0,WAT,A,0,0,0,0,0,0
P179138,Togo,AFW,0,DDT,A,0,1,0,1,0,0
P179189,India,SAR,0,URS,A,0,0,0,0,0,0
P179210,Grenada,LCR,0,EDU,A,0,1,0,0,0,0
P179211,Central African Republic,AFW,1,SPL,A,0,1,0,0,0,0
P179217,Türkiye,ECA,0,URS,A,0,0,0,0,0,0
P179227,Pakistan,MENAAP,0,WAT,A,0,0,0,0,0,0
P179238,Chad,AFW,1,AGR,A,0,0,0,1,0,0
P179242,Maldives,SAR,0,ENV,A,0,1,0,0,0,0
P179255,Türkiye,ECA,0,FCI,A,0,0,0,1,0,0
P179276,Niger,AFW,1,AGR,A,0,0,0,1,0,0
P179284,Lao People's Democratic Republic,EAP,0,TDD,A,0,0,0,0,0,0
P179286,Maldives,SAR,0,FCI,A,0,0,0,1,0,0
P179291,Comoros,AFE,1,SPL,A,0,0,0,0,0,0
P179293,Mozambique,AFE,1,SPL,A,0,0,0,1,0,0
P179294,Togo,AFW,0,MTI,C,0,0,0,0,0,0
P179311,Afghanistan,MENAAP,1,WAT,A,0,0,0,0,0,0
P179337,India,SAR,0,HNP,A,0,0,0,0,0,0
P179345,Türkiye,ECA,0,ENV,A,0,0,0,1,0,0
P179365,Brazil,LCR,0,SPL,A,0,0,0,0,0,0
P179367,Uruguay,LCR,0,ENV,A,0,0,0,0,0,0
P179380,Zambia,AFE,0,EAE,A,0,0,0,1,0,0
P179381,Kenya,AFE,0,FCI,A,0,1,0,0,0,0
P179383,Mauritania,AFW,0,EAE,A,0,0,0,0,0,0
P179397,Uganda,AFE,0,EDU,A,0,0,0,0,0,0
P179447,Nigeria,AFW,1,SOC,A,0,0,0,0,0,0
P179449,Senegal,AFW,0,SOC,A,0,0,0,0,0,0
P179466,Madagascar,AFE,0,SPL,A,0,1,0,0,0,0
P179507,Zambia,AFE,0,FCI,A,0,1,0,0,0,0
P179509,Guinea-Bissau,AFW,1,HNP,A,0,0,0,0,0,0
P179513,Angola,AFE,0,MTI,A,0,0,0,0,0,0
P179519,Guyana,LCR,0,EAE,A,0,1,0,0,0,0
P179520,Belize,LCR,0,EAE,A,0,0,0,0,0,0
P179534,Argentina,LCR,0,HNP,A,0,0,0,0,0,0
P179550,Cote d'Ivoire,AFW,0,HNP,A,0,0,0,0,1,0
P179558,Mauritania,AFW,0,HNP,A,0,0,0,0,0,0
P179592,Timor-Leste,EAP,1,HNP,C,0,0,0,0,0,0
P179595,Argentina,LCR,0,HNP,A,0,0,0,0,0,0
P179599,Tuvalu,EAP,1,ENV,A,0,0,0,0,0,0
P179609,West Bank and Gaza,MENAAP,1,MTI,C,0,0,0,1,0,0
P179631,Tanzania,AFE,0,EAE,A,0,0,0,1,0,0
P179636,Argentina,LCR,0,URS,A,0,0,0,0,0,0
P179656,Kosovo,ECA,0,EDU,A,0,0,0,0,1,0
P179665,"Egypt, Arab Republic of",MENAAP,0,SPL,A,0,0,0,0,0,0
P179687,Nigeria,AFW,1,EAE,A,0,0,0,0,0,0
P179703,Serbia,ECA,0,TDD,A,0,0,0,0,0,0
P179820,Tuvalu,EAP,1,MTI,A,0,0,0,0,0,0
P179829,El Salvador,LCR,0,SPL,A,0,1,0,0,0,0
P179831,Kosovo,ECA,0,HNP,A,1,0,0,0,0,0
P179845,Dominica,LCR,0,EAE,A,0,1,0,0,0,0
P179849,Armenia,ECA,0,MTI,C,0,1,1,0,0,0
P179904,Uganda,AFE,0,SPL,A,0,1,0,0,0,0
P179913,Mozambique,AFE,1,HNP,A,0,0,0,0,0,0
P179923,Peru,LCR,0,SPL,A,0,0,0,0,0,0
P179944,Kosovo,ECA,0,MTI,A,0,0,0,0,0,0
P179981,Pakistan,MENAAP,0,URS,A,0,0,0,0,0,0
P179990,Bosnia and Herzegovina,ECA,0,EAE,A,0,1,0,0,0,0
P180000,Chad,AFW,1,DDT,A,0,0,0,0,0,0
P180008,Pakistan,MENAAP,0,URS,A,0,0,0,0,0,0
P180017,Cameroon,AFW,1,MTI,A,0,0,0,0,0,0
P180060,Ghana,AFW,0,AGR,A,0,0,0,1,0,0
P180076,Ethiopia,AFE,1,AGR,A,0,0,0,0,0,0
P180153,Moldova,ECA,0,TDD,A,0,0,0,0,0,0
P180163,Dominican Republic,LCR,0,URS,A,0,0,0,0,0,0
P180173,Türkiye,ECA,0,ENV,A,0,0,0,1,0,0
P180220,Solomon Islands,EAP,1,SOC,A,0,0,0,0,0,0
P180231,Malawi,AFE,0,GOV,C,0,0,0,0,0,0
P180242,Ukraine,ECA,1,FCI,A,0,0,0,0,0,0
P180245,Ukraine,ECA,1,HNP,A,0,0,0,0,0,0
P180253,Chile,LCR,0,SPL,A,0,0,0,0,0,0
P180260,Chad,AFW,1,EDU,A,0,0,0,0,0,0
P180283,Bangladesh,SAR,0,HNP,A,0,0,0,0,0,0
P180291,Jordan,MENAAP,0,GOV,A,0,0,0,0,0,0
P180321,Cameroon,AFW,1,WAT,A,0,0,0,0,0,0
P180323,Pakistan,MENAAP,0,WAT,A,0,0,0,0,0,0
P180334,Lebanon,MENAAP,1,AGR,A,0,0,0,1,0,0
P180361,Ecuador,LCR,0,URS,A,0,0,0,0,0,0
P180379,Philippines,EAP,0,AGR,A,0,0,0,0,0,0
P180398,"Congo, Republic of",AFW,1,MTI,A,0,0,0,0,0,0
P180409,Bosnia and Herzegovina,ECA,0,URS,A,0,0,0,0,0,0
P180429,Brazil,LCR,0,AGR,A,0,0,0,0,0,0
P180430,Brazil,LCR,0,WAT,A,0,0,0,0,0,0
P180462,Brazil,LCR,0,DDT,A,0,0,0,0,0,0
P180470,Uzbekistan,ECA,0,MTI,C,0,0,0,0,0,0
P180491,Indonesia,EAP,0,HNP,A,0,0,0,0,0,0
P180495,"Congo, Democratic Republic of",AFE,1,DDT,A,0,1,0,1,0,0
P180497,Brazil,LCR,0,MTI,A,0,1,0,0,0,0
P180508,Jordan,MENAAP,0,SPL,A,0,1,0,1,1,0
P180534,Colombia,LCR,0,HNP,A,0,0,1,0,0,0
P180539,Burkina Faso,AFW,1,HNP,A,0,0,0,0,0,0
P180544,Bosnia and Herzegovina,ECA,0,MTI,A,0,0,0,0,0,0
P180549,Sri Lanka,SAR,0,MTI,C,0,0,0,0,0,0
P180554,Peru,LCR,0,MTI,A,0,0,0,0,0,0
P180555,Brazil,LCR,0,TDD,A,0,0,0,0,0,0
P180580,Togo,AFW,0,AGR,A,0,0,0,0,0,0
P180619,Serbia,ECA,0,HNP,A,0,0,0,0,0,0
P180631,Angola,AFE,0,HNP,A,1,0,0,0,0,0
P180640,Nigeria,AFW,1,TDD,A,0,1,0,0,0,0
P180674,Tuvalu,EAP,1,TDD,A,0,1,0,0,0,0
P180679,Albania,ECA,0,MTI,A,0,0,0,0,0,0
P180693,Angola,AFE,0,DDT,A,0,1,0,1,0,0
P180707,Pakistan,MENAAP,0,SPL,A,0,0,0,0,0,0
P180708,"Yemen, Republic of",MENAAP,1,FCI,A,0,0,0,1,0,0
P180732,Ukraine,ECA,1,AGR,A,0,0,0,0,0,0
P180749,Cambodia,EAP,0,MTI,C,0,0,0,1,0,0
P180781,Türkiye,ECA,0,HNP,A,1,0,0,0,0,0
P180801,Zambia,AFE,0,TDD,A,0,1,0,0,0,0
P180807,Samoa,EAP,0,DDT,A,0,0,0,0,0,0
P180811,Indonesia,EAP,0,HNP,A,0,0,0,0,0,0
P180831,St. Vincent and the Grenadines,LCR,0,EAE,A,0,1,0,0,0,0
P180849,Türkiye,ECA,0,URS,A,0,0,0,0,0,0
P180860,Indonesia,EAP,0,URS,A,0,0,0,0,0,0
P180861,Sri Lanka,SAR,0,FCI,A,0,0,0,0,0,0
P180884,Cameroon,AFW,1,URS,A,0,0,0,0,0,0
P180906,Guinea,AFW,0,ENV,A,0,1,0,1,1,0
P180909,Kyrgyz Republic,ECA,0,ENV,A,0,0,0,0,0,0
P180915,Chad,AFW,1,TDD,A,0,0,0,0,0,0
P180925,Burundi,AFE,1,EDU,A,0,0,1,0,0,0
P180927,Colombia,LCR,0,POV,A,0,1,0,0,0,0
P180982,Sao Tome and Principe,AFE,1,ENV,A,0,0,0,1,0,0
P181037,Pakistan,MENAAP,0,FCI,A,0,0,0,0,0,0
P181064,Belize,LCR,0,ENV,A,0,0,0,0,0,0
P181079,Ecuador,LCR,0,TDD,A,0,0,0,0,0,0
P181081,Ukraine,ECA,1,SPL,A,0,1,1,0,0,0
P181087,Nepal,SAR,0,AGR,A,0,0,0,0,0,0
P181148,Ghana,AFW,0,MTI,A,0,0,0,0,0,0
P181160,Angola,AFE,0,URS,A,0,0,0,0,0,0
P181237,"Micronesia, Federated States of",EAP,1,GOV,A,0,0,0,0,0,0
P181238,Togo,AFW,0,MTI,A,0,0,0,0,0,0
P181251,Western and Central Africa,AFW,0,FCI,A,0,0,0,1,0,0
P181259,Benin,AFW,0,URS,A,0,0,0,0,0,0
P181278,Bhutan,SAR,0,TDD,A,0,0,0,1,0,0
P181295,Solomon Islands,EAP,1,SOC,A,0,1,0,0,0,0
P181310,Cabo Verde,AFW,0,MTI,A,0,0,0,0,1,0
P181328,Eastern and Southern Africa,AFE,0,EAE,A,0,0,0,1,0,0
P181372,Costa Rica,LCR,0,SPL,A,0,0,0,0,1,0
P181385,South Sudan,AFE,1,HNP,A,0,0,0,0,0,0
P181391,Zambia,AFE,0,SPL,A,0,0,0,0,0,0
P181428,Türkiye,ECA,0,AGR,A,0,0,0,1,0,0
P181436,Türkiye,ECA,0,FCI,A,0,0,0,0,0,0
P181456,Samoa,EAP,0,FCI,A,0,0,0,0,0,0
P181479,Moldova,ECA,0,MTI,A,0,0,1,0,0,0
P181490,Sudan,AFE,1,SOC,A,0,0,0,0,0,0
P181494,Burundi,AFE,1,EAE,A,0,0,0,0,0,0
P181495,Angola,AFE,0,SPL,A,0,0,0,0,1,0
P181499,Burkina Faso,AFW,1,TDD,A,0,0,0,0,0,0
P181501,Brazil,LCR,0,MTI,A,0,0,0,0,0,0
P181538,Mali,AFW,1,WAT,A,0,0,0,0,0,0
P181564,Sri Lanka,SAR,0,HNP,A,0,0,0,0,0,0
P181587,Morocco,MENAAP,0,AGR,A,0,0,0,0,0,0
P181797,Türkiye,ECA,0,FCI,A,0,0,0,0,0,0
P252350,Rwanda,AFE,0,EDU,C,0,1,0,0,0,0
P500469,Brazil,LCR,0,TDD,A,0,0,0,0,0,0
P500471,Tanzania,AFE,0,FCI,A,0,0,0,1,0,0
P500488,Mozambique,AFE,1,TDD,A,0,1,0,0,0,0
P500501,Brazil,LCR,0,TDD,A,0,0,0,0,0,0
P500553,South Sudan,AFE,1,AGR,A,0,0,0,0,0,0
P500570,Brazil,LCR,0,DDT,A,0,0,0,0,0,0
P500589,Malawi,AFE,0,FCI,A,0,0,0,0,0,0
P500611,Serbia,ECA,0,URS,A,0,0,0,0,0,0
P500620,Kyrgyz Republic,ECA,0,WAT,A,0,0,0,0,0,0
P500727,Bangladesh,SAR,0,SPL,A,0,1,1,0,0,0
P501217,Indonesia,EAP,0,EAE,A,0,0,0,0,0,0
P501274,Bangladesh,SAR,0,URS,A,0,0,1,0,0,0
P501343,"Congo, Republic of",AFW,1,EAE,A,0,0,0,1,0,0
P501648,Kenya,AFE,0,EDU,A,0,0,1,0,0,0
P501661,Nigeria,AFW,1,MTI,A,0,0,0,0,0,0
P501662,"Somalia, Federal Republic of",AFE,1,FCI,A,0,1,0,1,0,0
P501759,Guyana,LCR,0,TDD,A,0,0,0,0,0,0
P501985,Nepal,SAR,0,EAE,A,0,0,0,0,0,0
P501988,"Somalia, Federal Republic of",AFE,1,MTI,A,0,0,0,0,0,0
P502012,"Gambia, The",AFW,0,MTI,A,0,0,0,0,0,0
P502128,Central African Republic,AFW,1,EDU,A,0,0,0,0,0,0
P502142,Chad,AFW,1,SPL,A,0,0,1,0,0,0
P502464,Malawi,AFE,0,EAE,A,0,0,0,0,0,0
P502492,Burundi,AFE,1,FCI,A,0,0,0,0,0,0
P502565,Liberia,AFW,0,MTI,A,0,0,0,0,0,0
P502837,Türkiye,ECA,0,FCI,A,0,0,0,1,0,0
P502979,Bosnia and Herzegovina,ECA,0,TDD,A,0,0,0,0,0,0
P503036,West Bank and Gaza,MENAAP,1,HNP,A,0,0,0,0,0,0
P503369,Jordan,MENAAP,0,EDU,A,0,1,1,0,0,0
P503763,Philippines,EAP,0,HNP,A,0,0,0,0,0,0
P503776,Mali,AFW,1,HNP,A,0,0,0,0,0,1
P503941,Zambia,AFE,0,SOC,A,0,0,1,1,0,0
P503988,Mexico,LCR,0,MTI,A,0,0,0,0,0,0
P504033,Costa Rica,LCR,0,AGR,A,0,0,0,0,0,0
P504170,Lebanon,MENAAP,1,WAT,A,0,1,0,0,0,0
P504220,Afghanistan,MENAAP,1,FCI,A,0,0,0,1,0,0
P504253,Brazil,LCR,0,TDD,A,0,1,0,0,0,0
P504278,Moldova,ECA,0,URS,A,0,0,0,0,0,0
P504281,Ethiopia,AFE,1,HNP,A,0,0,0,0,0,0
P504282,Armenia,ECA,0,URS,A,0,0,0,1,0,0
P504398,Morocco,MENAAP,0,SPL,A,0,0,0,0,0,0
P504400,Ecuador,LCR,0,TDD,A,0,0,0,0,0,0
P504531,Burundi,AFE,1,HNP,A,0,0,0,0,0,0
P504532,"Congo, Democratic Republic of",AFE,1,HNP,A,0,0,0,0,0,0
P504629,Sudan,AFE,1,HNP,A,0,0,0,0,0,0
P504691,Comoros,AFE,1,WAT,A,0,0,0,0,0,0
P504693,Nigeria,AFW,1,HNP,A,0,0,0,0,0,0
P504764,Rwanda,AFE,0,HNP,A,0,0,0,0,0,0
P504999,Ukraine,ECA,1,TDD,A,0,0,0,0,0,0
P505025,Mali,AFW,1,SOC,A,0,0,0,0,0,0
P505095,Malawi,AFE,0,DDT,A,0,0,0,0,0,0
P505118,Jordan,MENAAP,0,HNP,A,0,0,0,0,0,0
P505158,Angola,AFE,0,SPL,A,0,1,0,0,0,0
P505188,Zambia,AFE,0,HNP,A,0,0,0,0,0,0
P505267,China,EAP,0,AGR,A,0,1,0,0,0,0
P505590,Brazil,LCR,0,TDD,A,0,1,0,0,0,0
P505643,Kyrgyz Republic,ECA,0,FCI,A,0,0,0,1,0,0
P505675,Argentina,LCR,0,SPL,A,0,0,0,0,1,0
P505963,Sudan,AFE,1,SPL,A,0,0,0,0,0,0
P506072,Guinea,AFW,0,HNP,A,1,1,0,0,0,0
P506083,Ukraine,ECA,1,HNP,A,0,0,0,0,0,0
P506272,India,SAR,0,WAT,A,0,0,0,0,1,0
P506285,Vanuatu,EAP,0,MTI,A,0,0,0,0,0,0
P506321,Brazil,LCR,0,EAE,A,0,0,0,0,0,0
P506356,Tuvalu,EAP,1,MTI,A,0,0,0,0,0,0
P506443,Mauritania,AFW,0,GOV,A,0,0,0,0,0,0
P506528,Burkina Faso,AFW,1,GOV,A,0,0,0,0,0,0
P506611,Tajikistan,ECA,0,DDT,A,0,1,0,0,0,0
P506815,"Congo, Democratic Republic of",AFE,1,TDD,A,0,0,0,0,0,0
P506825,Bhutan,SAR,0,AGR,A,0,1,0,1,0,0
P506846,Argentina,LCR,0,TDD,A,0,0,0,0,0,0
P506960,Seychelles,AFE,0,MTI,A,0,0,0,0,0,0
P506969,Djibouti,MENAAP,0,ENV,A,0,0,1,0,0,0
P506997,Türkiye,ECA,0,WAT,A,0,0,0,0,0,0
P507001,Nigeria,AFW,1,EDU,A,0,0,0,0,0,0
P507033,Zambia,AFE,0,EAE,A,0,0,0,0,0,0
P507116,Zambia,AFE,0,MTI,A,0,0,0,0,0,0
P507190,Barbados,LCR,0,URS,A,0,0,0,0,0,0
P507248,Morocco,MENAAP,0,HNP,A,0,0,0,0,0,0
P507276,Türkiye,ECA,0,SPL,A,0,1,0,0,0,0
P507282,Iraq,MENAAP,1,TDD,A,0,0,0,0,0,0
P507316,St. Vincent and the Grenadines,LCR,0,URS,A,0,0,0,0,0,0
P507373,Morocco,MENAAP,0,SPL,A,0,0,0,0,0,0
P507382,Jordan,MENAAP,0,FCI,A,0,0,0,0,0,0
P507508,India,SAR,0,URS,A,0,1,0,0,0,0
P507512,Pakistan,MENAAP,0,EDU,A,0,0,0,0,1,0
P507516,Nepal,SAR,0,TDD,A,0,0,0,0,1,0
P507576,Moldova,ECA,0,MTI,A,0,1,1,0,0,0
P507684,Jordan,MENAAP,0,FCI,A,0,1,0,1,0,0
P507759,Mozambique,AFE,1,EAE,A,0,0,0,0,0,0
P507881,Kosovo,ECA,0,FCI,A,0,0,0,1,0,0
P507912,Tanzania,AFE,0,URS,A,0,0,0,0,0,0
P507921,Mali,AFW,1,TDD,A,0,1,0,0,0,0
P507935,Nigeria,AFW,1,HNP,A,0,0,0,0,0,0
P508006,Myanmar,EAP,1,SOC,A,0,0,0,0,0,0
P508058,Bangladesh,SAR,0,URS,A,0,0,0,0,0,0
P508089,Myanmar,EAP,1,HNP,A,0,0,0,0,0,0
P508124,Armenia,ECA,0,WAT,A,0,0,0,0,0,0
P508182,Benin,AFW,0,ENV,A,0,1,0,0,0,0
P508519,Bangladesh,SAR,0,SPL,A,0,0,0,0,0,0
P508608,Kyrgyz Republic,ECA,0,MTI,A,0,0,0,0,0,0
P508708,Jordan,MENAAP,0,SPL,A,0,0,0,0,0,0
P508960,Eswatini,AFE,0,EAE,A,0,0,0,0,0,0
P509222,"Somalia, Federal Republic of",AFE,1,URS,A,0,0,0,0,0,0
P509250,Uzbekistan,ECA,0,EAE,A,0,0,0,0,0,0
P509428,Lebanon,MENAAP,1,URS,A,0,0,0,0,0,0
P509550,Zambia,AFE,0,WAT,A,0,0,0,0,0,0
P509601,Niger,AFW,1,GOV,A,0,0,0,0,0,0
P509677,Rwanda,AFE,0,SOC,A,0,0,0,1,0,0
P509738,Kenya,AFE,0,ENV,A,0,1,0,0,0,0
P509890,Mozambique,AFE,1,WAT,A,0,0,0,0,0,0
P510382,Western and Central Africa,AFW,0,EAE,A,0,0,0,1,0,0
P510427,Mozambique,AFE,1,TDD,A,0,1,0,0,0,0
P511201,Bangladesh,SAR,0,MTI,A,0,0,0,0,0,0
P511407,Syrian Arab Republic,MENAAP,1,EAE,A,0,0,0,0,0,0
P511453,Guinea,AFW,0,EAE,A,0,0,0,0,0,0
