female_id,project_id,indicator_id,indicator_text,female_factor,fixed_share,achieved_m,expected_m,double_counted,project_name,country,country_code,region,dept,status,instrument,financier,approval,closing,fcv,ldc,sids,income,disability_incl,active,ida,commitment_musd,log_commit,approval_fy,years_since_approval,post_scorecard,planned_years
1,P159544,IN01357780-F,Percent of pre-hospital EMS patients hospitalized,0.495481754,1,0.00261614,0.0028837,0,Emergency Medical Services Project,Uzbekistan,UZB,ECA,HNP,A,IPF,IDA,2018-04-25,2025-11-30,0,0,0,LMC,0,1,1,96.5,4.56954300834494,2018,7.181382614647502,0,7.600273785078714
2,P503763,IN00033503,"Number of people receiving quality health, nutrition, and population services - Female",1.0,0,0.0,5.0,0,PH HSRP,Philippines,PHL,EAP,HNP,A,IPF,IBRD,2025-03-05,2030-06-30,0,0,0,LMC,1,1,0,495.6,6.205769149754987,2025,0.3203285420944558,1,5.319644079397673
3,P163954,IN01382350-F,Number of children (0-11 months) fully vaccinated,0.505541194,1,0.0,0.0,0,Strengthening Health Service Delivery,Guinea-Bissau,GNB,AFW,HNP,A,IPF,IDA,2018-05-31,2025-12-26,1,1,1,LIC,0,1,1,25.0,3.2188758248682006,2018,7.082819986310746,0,7.572895277207392
4,P175455,IN01272509-F,Average number of outpatient consultations per person per annum at PHC providers,0.53371279,1,0.00845486,0.00422743,0,Georgia Human Capital Program,Georgia,GEO,ECA,EDU,A,P4R,IBRD,2022-03-22,2028-12-31,0,0,0,UMC,0,1,0,400.0,5.991464547107982,2022,3.274469541409993,0,6.778918548939083
5,P180539,IN00028392-F,Number of women and children who have received basic nutrition services,0.75,1,0.0,0.0,1,Health System Performance and Resilience,Burkina Faso,BFA,AFW,HNP,A,IPF,IDA,2025-01-24,2030-01-31,1,1,0,LIC,1,1,1,150.0,5.0106352940962555,2025,0.42984257357973993,1,5.018480492813142
6,P167581,IN01375945-F,Increase in the percentage of women above age 30 years screened for cervical cancer at subcenters or PHC facilities,1.0,0,0.0,0.0,1,Andhra Pradesh HSSP,India,IND,SAR,HNP,C,IPF,IBRD,2019-05-15,2025-03-31,0,0,0,LMC,0,0,0,294.89,5.686602405446348,2019,6.1273100616016425,0,5.878165639972622
7,P173746,IN00023480,"People receiving quality health, nutrition, and population services – Female",1.0,0,0.0,0.0,1,Emerging Infectious Disease PPR,China,CHN,EAP,HNP,A,IPF,IBRD,2020-06-18,2027-12-31,0,0,0,UMC,1,1,0,281.0,5.638354669333745,2020,5.032169746748802,0,7.534565366187543
8,P164452,IN01395453-F,"People who have received essential health, nutrition, and population (HNP) services",0.507990579,1,0.0,0.0,1,NI - Integrated Public Provision HCS,Nicaragua,NIC,LCR,HNP,C,IPF,IDA,2018-03-15,2025-02-28,0,0,0,LMC,0,0,1,60.0,4.0943445622221,2018,7.293634496919918,0,6.959616700889802
9,P169677,IN01383722-F,Percentage of elementary schools and pre-schools where MINSAL performs annual dental health check ups.,0.524978152,1,0.10624514,0.12788767,0,Growing up Healthy Together,El Salvador,SLV,LCR,HNP,A,IPF,IBRD,2020-03-19,2026-06-30,0,0,0,UMC,1,1,0,250.0,5.521460917862246,2020,5.281314168377824,0,6.28062970568104
10,P173820,IN01419851,Female population vaccinated,0.5029495,1,6.588,8.235,0,KENYA COVID-19 EMERGENCY RESPONSE PROJEC,Kenya,KEN,AFE,HNP,A,IPF,IDA,2020-04-02,2025-12-30,0,0,0,LMC,1,1,1,185.14520709,5.221140420392097,2020,5.242984257357974,0,5.7440109514031485
11,P177329,IN01360918,Number of women and children who have received basic nutrition services,0.75,1,0.0050651273047499995,0.005387257687500001,0,RMI Multisectoral ECD - II,Marshall Islands,MHL,EAP,HNP,A,IPF,IDA,2022-06-06,2026-12-31,1,0,1,UMC,1,1,1,27.0,3.295836866004329,2022,3.0663928815879533,0,4.569472963723477
12,P166308,IN01360278,"People who have received essential health, nutrition, and population (HNP) services - Female (RMS requirement)",1.0,0,0.129905,0.109,0,Balochistan Human Capital Project,Pakistan,PAK,MENAAP,HNP,C,IPF,IDA,2020-06-23,2025-06-30,0,0,0,LMC,0,0,1,36.0,3.58351893845611,2020,5.018480492813142,0,5.018480492813142
13,P180539,IN00028391-F,Number of children immunized,0.5017908,1,0.0,0.0,1,Health System Performance and Resilience,Burkina Faso,BFA,AFW,HNP,A,IPF,IDA,2025-01-24,2030-01-31,1,1,0,LIC,1,1,1,150.0,5.0106352940962555,2025,0.42984257357973993,1,5.018480492813142
14,P180539,IN00028393-F,Number of women receiving deliveries attended by skilled health personnel,1.0,0,0.0,0.0,1,Health System Performance and Resilience,Burkina Faso,BFA,AFW,HNP,A,IPF,IDA,2025-01-24,2030-01-31,1,1,0,LIC,1,1,1,150.0,5.0106352940962555,2025,0.42984257357973993,1,5.018480492813142
15,P169677,IN01383714-F,Percentage of pregnancies with early check-ups (before 12 weeks),0.524978152,1,0.00218752,0.00437504,0,Growing up Healthy Together,El Salvador,SLV,LCR,HNP,A,IPF,IBRD,2020-03-19,2026-06-30,0,0,0,UMC,1,1,0,250.0,5.521460917862246,2020,5.281314168377824,0,6.28062970568104
16,P169677,IN01383725-F,Percentage of children that breastfeed within the first hour after birth,0.524978152,1,0.00868298,0.02604894,0,Growing up Healthy Together,El Salvador,SLV,LCR,HNP,A,IPF,IBRD,2020-03-19,2026-06-30,0,0,0,UMC,1,1,0,250.0,5.521460917862246,2020,5.281314168377824,0,6.28062970568104
17,P163954,IN01382519-F,Children 12-59 months of age attending at least one healthcare consultation,0.505541194,1,0.0,0.0,0,Strengthening Health Service Delivery,Guinea-Bissau,GNB,AFW,HNP,A,IPF,IDA,2018-05-31,2025-12-26,1,1,1,LIC,0,1,1,25.0,3.2188758248682006,2018,7.082819986310746,0,7.572895277207392
18,P163954,IN01382512,"People who have received essential health, nutrition, and population (HNP) services - Female (RMS requirement)",1.0,0,0.20334924,0.11968,0,Strengthening Health Service Delivery,Guinea-Bissau,GNB,AFW,HNP,A,IPF,IDA,2018-05-31,2025-12-26,1,1,1,LIC,0,1,1,25.0,3.2188758248682006,2018,7.082819986310746,0,7.572895277207392
19,P179558,IN01262357,"People who have received essential health, nutrition, and population (HNP) services - Female (RMS requirement)",1.0,0,0.11222642999999999,0.99118943,0,INAYA Elargi,Mauritania,MRT,AFW,HNP,A,IPF,IDA,2024-03-21,2029-06-30,0,1,0,LMC,1,1,1,52.3,3.9569963710708773,2024,1.2758384668035592,0,5.27583846680356
20,P150080,IN01361236-TD-F,2 (new): Number of new users of a modern contraceptive methods in the project's intervention areas,1.0,0,0.0,0.0,1,SWEDD,Chad,TCD,AFW,HNP,C,IPF,IDA,2014-12-18,2024-12-31,1,1,0,LIC,0,0,1,580.6314376,6.364116196869395,2015,10.532511978097194,0,10.036960985626283
21,P173806,IN01395532-F,Number of OPD visits per 1000 population,0.511888204,1,0.0,0.0,1,Malawi COVID-19 Emergency Response,Malawi,MWI,AFE,HNP,A,IPF,IDA,2020-04-14,2025-12-31,0,1,0,LIC,1,1,1,86.9,4.464758032271346,2020,5.210130047912389,0,5.713894592744696
22,P176841,IN01418259,"Percentage of females fully vaccinated, based on the prioritized population in the national plan",1.0,0,0.0,0.0,1,COVID-19 vaccine,Madagascar,MDG,AFE,HNP,C,IPF,IDA,2021-06-24,2025-06-30,0,1,0,LIC,1,0,1,107.97057,4.681858689989348,2021,4.016427104722792,0,4.016427104722792
23,P166373,IN01425330-F,"People who have received essential health, nutrition, and population (HNP) services",0.484395639,1,0.0,0.0,1,India TN Health System Reform Program,India,IND,SAR,HNP,C,P4R,IBRD,2019-03-19,2024-05-31,0,0,0,LMC,0,0,0,287.0,5.659482215759621,2019,6.283367556468172,0,5.201916495550993
24,P168756,IN01381495-F,Number of women using family planning services in targeted health zones,1.0,0,0.0,0.0,1,DRC Nutrition Project,"Congo, Democratic Republic of",COD,AFE,HNP,A,IPF,IDA,2019-05-28,2026-07-04,1,1,0,LIC,1,1,1,542.0,6.295266001439646,2019,6.091718001368926,0,7.101984941820671
25,P162042,IN00051465,"People who have received essential health, nutrition, and population (HNP) services - Female (RMS requirement) (Number)",1.0,0,0.514947,0.59488,0,Investing in RMNCAH- GFF,Senegal,SEN,AFW,HNP,A,IPF,IDA,2019-09-26,2025-12-31,0,1,0,LMC,0,1,1,120.00000055,4.7874917473653795,2020,5.760438056125941,0,6.264202600958248
26,P173939,IN01435131,Total female population vaccinated,1.0,0,0.0,0.0,1,Lesotho COVID19 FTCF Project,Lesotho,LSO,AFE,HNP,C,IPF,IDA,2020-05-09,2024-12-31,0,1,0,LMC,1,0,1,26.4157892,3.2739619071338177,2020,5.1416837782340865,0,4.646132785763176
27,P148531,IN01360898-F,No of patients using telemedicine consultation in the state,0.484395639,1,0.0,0.0,1,Uttarakhand Health Systems Devp Proj,India,IND,SAR,HNP,C,IPF,IDA,2017-01-26,2024-12-31,0,0,0,LMC,0,0,1,66.17,4.192227188023968,2017,8.424366872005475,0,7.928815879534565
28,P150080,IN01361236-CI-F,2 (new): Number of new users of a modern contraceptive methods in the project's intervention areas,1.0,0,0.0,0.0,1,SWEDD,Chad,TCD,AFW,HNP,C,IPF,IDA,2014-12-18,2024-12-31,1,1,0,LIC,0,0,1,580.6314376,6.364116196869395,2015,10.532511978097194,0,10.036960985626283
29,P173783,IN01426288-F,"Percentage of population vaccinated, which is included in the priority population targets defined in national plan [disaggregated by sex]",0.503154994,1,0.057374760000000004,0.057374760000000004,0,STP COVID-19 Emergency Response Project,Sao Tome and Principe,STP,AFE,HNP,C,IPF,IDA,2020-04-02,2025-06-30,1,0,1,LMC,1,0,1,7.0,1.9459101490553132,2020,5.242984257357974,0,5.242984257357974
30,P173846,IN01395341,"Population vaccinated, which is included in the priority population targets defined in national plan - Female",1.0,0,0.0,0.0,1,Niger COVID-19 Emergency Response,Niger,NER,AFW,HNP,C,IPF,IDA,2020-04-13,2024-12-31,1,1,0,LIC,1,0,1,68.65,4.229021132213981,2020,5.212867898699521,0,4.717316906228611
31,P166211,IN00050213-F,Number of women and children who have received basic nutrition services,0.75,1,0.0,0.0,1,EY Nutrition and Child Development,Benin,BEN,AFW,HNP,C,IPF,IDA,2019-02-21,2024-05-31,0,1,0,LMC,0,0,1,50.0,3.912023005428146,2019,6.354551676933607,0,5.2731006160164275
32,P504281,IN00040115-F,"People receiving -quality health, nutrition, and population services",0.498965995,1,0.0,0.0,1,INSPIRER,Ethiopia,ETH,AFE,HNP,A,IPF,IDA,2025-01-16,2029-06-30,1,1,0,Unknown,1,1,1,60.0,4.0943445622221,2025,0.4517453798767967,1,4.4517453798767965
33,P180811,IN00003245-F,"Number of annual outpatient visits, disaggregated by gender",0.4976659,1,14.618457,10.713549,0,ID HSS Project,Indonesia,IDN,EAP,HNP,A,IPF,IBRD,2023-12-08,2029-06-30,0,0,0,UMC,1,1,0,1484.0,7.302496423727326,2024,1.5605749486652978,0,5.560574948665297
34,P164696,IN01376117,Number of women and children who have received basic nutrition services,0.75,1,12.28358025,12.307008,0,Health Services Reinforcement Project,Burkina Faso,BFA,AFW,HNP,C,IPF,IDA,2018-07-06,2024-06-28,1,1,0,LIC,0,0,1,80.0,4.382026634673881,2019,6.98425735797399,0,5.979466119096509
35,P168756,IN01381502,Number of women who received nutrition services.,1.0,0,0.0,0.0,1,DRC Nutrition Project,"Congo, Democratic Republic of",COD,AFE,HNP,A,IPF,IDA,2019-05-28,2026-07-04,1,1,0,LIC,1,1,1,542.0,6.295266001439646,2019,6.091718001368926,0,7.101984941820671
36,P167000,IN01361959,Number of women and children who have received basic nutrition services,0.75,1,0.0,0.0,1,EG: Transforming Egypt's Healthcare Sys,"Egypt, Arab Republic of",EGY,MENAAP,HNP,A,IPF,IBRD,2018-06-27,2025-12-31,0,0,0,LMC,0,1,0,530.0,6.272877006546167,2018,7.008898015058179,0,7.512662559890486
37,P170278,IN01392805,"People who have received essential health, nutrition, and population (HNP) services - Female (RMS requirement)",1.0,0,0.411651,0.47,0,Lesotho Nutrition and Health Project,Lesotho,LSO,AFE,HNP,A,IPF,IDA,2021-06-25,2026-06-30,0,1,0,LMC,1,1,1,22.0,3.091042453358316,2021,4.01368925393566,0,5.0130047912388775
38,P173806,IN01395544,Percentage of females fully vaccinated,1.0,0,0.0,0.0,1,Malawi COVID-19 Emergency Response,Malawi,MWI,AFE,HNP,A,IPF,IDA,2020-04-14,2025-12-31,0,1,0,LIC,1,1,1,86.9,4.464758032271346,2020,5.210130047912389,0,5.713894592744696
39,P148531,IN01360757-F,"Number of outpatient visits to Primary Health Centers (PHCs), CHCs, and mobile vans per year, disaggregated by districts",0.484395639,1,0.0,0.0,1,Uttarakhand Health Systems Devp Proj,India,IND,SAR,HNP,C,IPF,IDA,2017-01-26,2024-12-31,0,0,0,LMC,0,0,1,66.17,4.192227188023968,2017,8.424366872005475,0,7.928815879534565
40,P150080,IN01361236-BF-F,2 (new): Number of new users of a modern contraceptive methods in the project's intervention areas,1.0,0,0.0,0.0,1,SWEDD,Chad,TCD,AFW,HNP,C,IPF,IDA,2014-12-18,2024-12-31,1,1,0,LIC,0,0,1,580.6314376,6.364116196869395,2015,10.532511978097194,0,10.036960985626283
41,P150080,IN01361236-BJ-F,2 (new): Number of new users of a modern contraceptive methods in the project's intervention areas,1.0,0,0.0,0.0,1,SWEDD,Chad,TCD,AFW,HNP,C,IPF,IDA,2014-12-18,2024-12-31,1,1,0,LIC,0,0,1,580.6314376,6.364116196869395,2015,10.532511978097194,0,10.036960985626283
42,P150080,IN01361236-MR-F,2 (new): Number of new users of a modern contraceptive methods in the project's intervention areas,1.0,0,0.0,0.0,1,SWEDD,Chad,TCD,AFW,HNP,C,IPF,IDA,2014-12-18,2024-12-31,1,1,0,LIC,0,0,1,580.6314376,6.364116196869395,2015,10.532511978097194,0,10.036960985626283
43,P150080,IN01361236-ML-F,2 (new): Number of new users of a modern contraceptive methods in the project's intervention areas,1.0,0,0.0,0.0,1,SWEDD,Chad,TCD,AFW,HNP,C,IPF,IDA,2014-12-18,2024-12-31,1,1,0,LIC,0,0,1,580.6314376,6.364116196869395,2015,10.532511978097194,0,10.036960985626283
44,P150080,IN01361236-CM-F,2 (new): Number of new users of a modern contraceptive methods in the project's intervention areas,1.0,0,0.14798303,0.14308411,0,SWEDD,Chad,TCD,AFW,HNP,C,IPF,IDA,2014-12-18,2024-12-31,1,1,0,LIC,0,0,1,580.6314376,6.364116196869395,2015,10.532511978097194,0,10.036960985626283
45,P150080,IN01361236-GN-F,2 (new): Number of new users of a modern contraceptive methods in the project's intervention areas,1.0,0,0.1138331,0.1100647,0,SWEDD,Chad,TCD,AFW,HNP,C,IPF,IDA,2014-12-18,2024-12-31,1,1,0,LIC,0,0,1,580.6314376,6.364116196869395,2015,10.532511978097194,0,10.036960985626283
46,P150080,IN01361236-NE-F,2 (new): Number of new users of a modern contraceptive methods in the project's intervention areas,1.0,0,0.0,0.0,1,SWEDD,Chad,TCD,AFW,HNP,C,IPF,IDA,2014-12-18,2024-12-31,1,1,0,LIC,0,0,1,580.6314376,6.364116196869395,2015,10.532511978097194,0,10.036960985626283
47,P175493,IN01403904-F,Percentage of pregnant women in project areas receiving prescribed antenatal care services from the first trimester of pregnancy,1.0,0,0.0,0.0,1,Multisectoral Nutrition Project,Philippines,PHL,EAP,HNP,A,IPF,IBRD,2022-06-22,2027-06-30,0,0,0,LMC,1,1,0,178.1,5.182345190295616,2022,3.02258726899384,0,5.021218343600274
48,P169641,IN01406388,People who have received essential HNP services - Female,1.0,0,0.018389,0.205582,0,IFISH,Liberia,LBR,AFW,HNP,A,IPF,IDA,2020-05-21,2026-08-31,0,1,0,LIC,1,1,1,74.0,4.30406509320417,2020,5.108829568788501,0,6.277891854893908
49,P167959,IN01351948-F,"People who have received essential health, nutrition, and population (HNP) services",0.491666926,1,0.0,0.0,1,Strategic Purchasing in Health,Cote d'Ivoire,CIV,AFW,HNP,C,IPF,IDA,2019-03-22,2025-04-14,0,0,0,LMC,0,0,1,200.0,5.298317366548036,2019,6.275154004106776,0,6.064339493497604
50,P172031,IN01419124-F,Percentage of pregnant women who receive Tetanus Toxoid Vaccine during ANC,1.0,0,0.0,0.0,1,Improving Healthcare Services in Somalia,"Somalia, Federal Republic of",SOM,AFE,HNP,A,IPF,IDA,2021-06-28,2026-06-30,1,1,0,LIC,1,1,1,75.0,4.31748811353631,2021,4.005475701574264,0,5.004791238877481
51,P161246,IN00024134,"People receiving quality health, nutrition, and population services – Female",1.0,0,0.0,0.0,1,Livestock Development Project,Bangladesh,BGD,SAR,AGR,A,IPF,IDA,2018-12-06,2026-03-31,0,1,0,LMC,0,1,1,500.0,6.214608098422191,2019,6.565366187542779,0,7.315537303216975
52,P173287,IN01419701,"People who have received essential health, nutrition, and population (HNP) services - Female (RMS requirement)",1.0,0,0.44866731,0.43996176000000004,0,Gambia Essential Health Services,"Gambia, The",GMB,AFW,HNP,A,IPF,IDA,2020-10-09,2025-12-31,0,1,0,LIC,1,1,1,119.5,4.783316371371566,2021,4.722792607802875,0,5.2265571526351815
53,P176570,IN01427861,"People who have received essential health, nutrition, and population (HNP) services - Female (RMS requirement)",1.0,0,4.92304967,7.012851230000001,0,RY: Yemen Emergency Human Capital Proj,"Yemen, Republic of",YEM,MENAAP,HNP,A,IPF,IDA,2021-06-30,2026-12-31,1,1,0,LIC,1,1,1,592.0,6.3835066348840055,2021,4.0,0,5.503080082135524
54,P160947,IN01337416-F,"Number of people receiving tuberculosis treatment in accordance with national guidelines (Daru, Western Province)",0.486176,1,0.0,0.0,1,PNG - Emergency TB Project,Papua New Guinea,PNG,EAP,HNP,C,IPF,IDA,2017-05-31,2024-06-15,1,0,1,LMC,0,0,1,15.0,2.70805020110221,2017,8.082135523613964,0,7.041752224503765
55,P180491,IN01394416-F,People with strengthened food and nutrition security: Number of children under age five who are monitored for their growth and development,0.4976659,1,0.0,0.0,1,INEY Phase 2,Indonesia,IDN,EAP,HNP,A,P4R,IBRD,2023-06-26,2028-08-31,0,0,0,UMC,1,1,0,600.0,6.396929655216146,2023,2.0123203285420943,0,5.1827515400410675
56,P173750,IN01414409-F,"Percentage of priority population vaccinated, which is included in the priority population targets defined in national plan by gender",0.498965995,1,0.0,0.0,1,Ethiopia COVID-19 Emergency Response,Ethiopia,ETH,AFE,HNP,A,IPF,IDA,2020-04-02,2025-12-31,1,1,0,Unknown,1,1,1,573.89982351,6.352454857586826,2020,5.242984257357974,0,5.746748802190281
57,P504531,IN00014268,"People who have received essential health, nutrition, and population (HNP) services - Female (RMS requirement)",1.0,0,0.0,0.0,1,Burundi - HEPRR,Burundi,BDI,AFE,HNP,A,IPF,IDA,2024-03-30,2029-06-30,1,1,0,LIC,1,1,1,50.0,3.912023005428146,2024,1.2511978097193703,0,5.25119780971937
58,P169866,IN01379303-F,Percentage of women 50 - 69 years of age screened for breast cancer according to defined protocols.,1.0,0,0.0,0.0,1,Improving Health Quality and Efficieny,Colombia,COL,LCR,HNP,C,P4R,IBRD,2020-03-19,2024-12-31,0,0,0,UMC,0,0,0,150.0,5.0106352940962555,2020,5.281314168377824,0,4.785763175906913
59,P180534,IN01300619-F,Pregnant women under follow-up care registered at individual level,1.0,0,0.32490285999999996,0.3349514,0,COL Access Effective Care & Resilience,Colombia,COL,LCR,HNP,A,P4R,IBRD,2024-02-13,2026-06-30,0,0,0,UMC,0,1,0,300.0,5.703782474656201,2024,1.377138945927447,0,2.3764544832306638
60,P175493,IN01403975-F,Percentage of 6-59 month-old children who received Vitamin A within the past six months,0.5012172,1,0.0,0.0,1,Multisectoral Nutrition Project,Philippines,PHL,EAP,HNP,A,IPF,IBRD,2022-06-22,2027-06-30,0,0,0,LMC,1,1,0,178.1,5.182345190295616,2022,3.02258726899384,0,5.021218343600274
61,P125229,IN01374997,"People who have received essential health, nutrition, and population (HNP) services - Female (RMS requirement)",1.0,0,2.888688,2.515859,0,ZW-Health Sector Development Proj (FY12),Zimbabwe,ZWE,AFE,HNP,C,IPF,RETF,2011-09-29,2024-03-31,1,0,0,LMC,0,0,0,78.0,4.356708826689592,2012,13.752224503764545,0,12.503764544832306
62,P125229,IN01375009-F,"Percentage of 15-49-year-old women who are new acceptors of long term, reversible family planning methods in participating districts",1.0,0,0.0,0.0,0,ZW-Health Sector Development Proj (FY12),Zimbabwe,ZWE,AFE,HNP,C,IPF,RETF,2011-09-29,2024-03-31,1,0,0,LMC,0,0,0,78.0,4.356708826689592,2012,13.752224503764545,0,12.503764544832306
63,P155658,IN01416677-LS-F,TB case notification in target geographic areas,0.512480618,1,0.0,0.0,1,Southern Africa TB and Health Systems,Lesotho,LSO,AFE,HNP,C,IPF,IDA,2016-05-26,2024-06-30,0,1,0,LMC,0,0,1,178.0,5.181783550292085,2016,9.095140314852841,0,8.095824777549623
64,P172031,IN01419112-F,Percentage of births attended by skilled health personnel in a health facility,1.0,0,0.0,0.0,1,Improving Healthcare Services in Somalia,"Somalia, Federal Republic of",SOM,AFE,HNP,A,IPF,IDA,2021-06-28,2026-06-30,1,1,0,LIC,1,1,1,75.0,4.31748811353631,2021,4.005475701574264,0,5.004791238877481
65,P175167,IN01376172-F,Women and children from the conflict affected population receiving basic RMNCH services (Number),0.75,1,0.0,0.61930425,0,Ethiopia PforR  SPHCS,Ethiopia,ETH,AFE,HNP,A,P4R,IDA,2022-12-13,2026-06-30,1,1,0,Unknown,1,1,1,370.0000305,5.913503088070699,2023,2.546201232032854,0,3.5455167693360714
66,P160947,IN01337400-F,Number of people receiving tuberculosis treatment in accordance with the national guidelines (NCD),0.486176,1,0.0,0.0,1,PNG - Emergency TB Project,Papua New Guinea,PNG,EAP,HNP,C,IPF,IDA,2017-05-31,2024-06-15,1,0,1,LMC,0,0,1,15.0,2.70805020110221,2017,8.082135523613964,0,7.041752224503765
67,P172031,IN01419123-F,Percentage of women of childbearing age using modern contraceptives,1.0,0,0.0,0.0,1,Improving Healthcare Services in Somalia,"Somalia, Federal Republic of",SOM,AFE,HNP,A,IPF,IDA,2021-06-28,2026-06-30,1,1,0,LIC,1,1,1,75.0,4.31748811353631,2021,4.005475701574264,0,5.004791238877481
68,P175167,IN00025736,"People receiving quality health, nutrition, and population services – Female",1.0,0,17.93508768,19.773433920000002,0,Ethiopia PforR  SPHCS,Ethiopia,ETH,AFE,HNP,A,P4R,IDA,2022-12-13,2026-06-30,1,1,0,Unknown,1,1,1,370.0000305,5.913503088070699,2023,2.546201232032854,0,3.5455167693360714
69,P180534,IN01300626-F,Migrants screened for HIV,0.506632495,1,0.033778209999999996,0.06852153999999999,0,COL Access Effective Care & Resilience,Colombia,COL,LCR,HNP,A,P4R,IBRD,2024-02-13,2026-06-30,0,0,0,UMC,0,1,0,300.0,5.703782474656201,2024,1.377138945927447,0,2.3764544832306638
70,P155658,IN01416677-MZ-F,TB case notification in target geographic areas,0.514455322,1,0.0,0.0,1,Southern Africa TB and Health Systems,Lesotho,LSO,AFE,HNP,C,IPF,IDA,2016-05-26,2024-06-30,0,1,0,LMC,0,0,1,178.0,5.181783550292085,2016,9.095140314852841,0,8.095824777549623
71,P180534,IN01300620-F,Vulnerable women 50-69 years of age screened for breast cancer,1.0,0,0.26307002,0.38342189,0,COL Access Effective Care & Resilience,Colombia,COL,LCR,HNP,A,P4R,IBRD,2024-02-13,2026-06-30,0,0,0,UMC,0,1,0,300.0,5.703782474656201,2024,1.377138945927447,0,2.3764544832306638
72,P172031,IN01419116-F,Percentage of children between 6-59 months old receiving Vitamin A supplementation,0.499104338,1,0.0,0.0,1,Improving Healthcare Services in Somalia,"Somalia, Federal Republic of",SOM,AFE,HNP,A,IPF,IDA,2021-06-28,2026-06-30,1,1,0,LIC,1,1,1,75.0,4.31748811353631,2021,4.005475701574264,0,5.004791238877481
73,P180534,IN01331950-F,Number of people screened for mental health services by primary health providers and basic health teams,0.506632495,1,0.05457749,0.07275192,0,COL Access Effective Care & Resilience,Colombia,COL,LCR,HNP,A,P4R,IBRD,2024-02-13,2026-06-30,0,0,0,UMC,0,1,0,300.0,5.703782474656201,2024,1.377138945927447,0,2.3764544832306638
74,P172031,IN01419120-F,Percentage of children under one year of age receiving Pentavalent 3,0.499104338,1,0.0,0.0,1,Improving Healthcare Services in Somalia,"Somalia, Federal Republic of",SOM,AFE,HNP,A,IPF,IDA,2021-06-28,2026-06-30,1,1,0,LIC,1,1,1,75.0,4.31748811353631,2021,4.005475701574264,0,5.004791238877481
75,P155658,IN01416677-MW-F,TB case notification in target geographic areas,0.511888204,1,0.0,0.0,1,Southern Africa TB and Health Systems,Lesotho,LSO,AFE,HNP,C,IPF,IDA,2016-05-26,2024-06-30,0,1,0,LMC,0,0,1,178.0,5.181783550292085,2016,9.095140314852841,0,8.095824777549623
76,P155658,IN01416677-ZM-F,TB case notification in target geographic areas,0.504962975,1,0.32768562336675,0.3002550246388,0,Southern Africa TB and Health Systems,Lesotho,LSO,AFE,HNP,C,IPF,IDA,2016-05-26,2024-06-30,0,1,0,LMC,0,0,1,178.0,5.181783550292085,2016,9.095140314852841,0,8.095824777549623
77,P172031,IN01419121-F,Percentage of newborns receiving a postnatal care within two days of birth.,0.499104338,1,0.0,0.0,1,Improving Healthcare Services in Somalia,"Somalia, Federal Republic of",SOM,AFE,HNP,A,IPF,IDA,2021-06-28,2026-06-30,1,1,0,LIC,1,1,1,75.0,4.31748811353631,2021,4.005475701574264,0,5.004791238877481
78,P174185,IN01403207-F,Quarterly number of first Outpatient Department (OPD) consultations [by Gender] (Number),0.504962975,1,0.0,0.0,1,Zambia COVID Emergency Response Project,Zambia,ZMB,AFE,HNP,C,IPF,IDA,2020-10-20,2024-12-31,0,1,0,LMC,1,0,1,34.0,3.5263605246161616,2021,4.692676249144422,0,4.1971252566735116
79,P173857,IN00027047,"People receiving quality health, nutrition, and population services – Female",1.0,0,0.0,0.0,1,CV: COVID-19 Emergency Response Project,Cabo Verde,CPV,AFW,HNP,A,IPF,IDA,2020-04-02,2025-12-31,0,0,1,UMC,1,1,1,14.97456774,2.706353278142494,2020,5.242984257357974,0,5.746748802190281
80,P144893,IN01434455-F,"Health facilities constructed, renovated, and/or equipped (number)",0.534701441,1,0.73254097,0.6362947099999999,0,"Serving People, Improving Health Project",Ukraine,UKR,ECA,HNP,C,IPF,IBRD,2015-03-04,2024-06-30,1,0,0,UMC,0,0,0,349.729837,5.857160962133959,2015,10.324435318275153,0,9.325119780971937
81,P167512,IN01350557,"People who have received essential health, nutrition, and population (HNP) services - Female (RMS requirement)",1.0,0,0.203348,0.225,0,Strengthening PHC in HT,Haiti,HTI,LCR,HNP,A,IPF,IDA,2019-05-16,2026-12-31,1,1,1,LMC,0,1,1,75.0,4.31748811353631,2019,6.12457221081451,0,7.627652292950034
82,P173958,IN01359253-F,"People who have received essential health, nutrition, and population (HNP) services",0.484395639,1,0.0,0.0,1,Mizoram HSSP,India,IND,SAR,HNP,A,IPF,IBRD,2021-03-31,2026-03-31,0,0,0,LMC,1,1,0,32.0,3.4657359027997265,2021,4.249144421629021,0,4.999315537303217
83,P503036,IN00007506-F,Number of beneficiaries of essential health and nutrition services (disaggregated by gender and age),0.503821904,1,0.309713431402112,0.11198197549256002,0,Gaza Response,West Bank and Gaza,PSE,MENAAP,HNP,A,IPF,RETF,2023-12-06,2025-12-31,1,0,0,LMC,1,1,0,10.0,2.302585092994046,2024,1.566050650239562,0,2.0698151950718686
84,P169315,IN01370357-F,Pregnant women and children under 2 being reached by nutrition services,0.75,1,0.0,0.0,1,Burundi Integrated Community Development,Burundi,BDI,AFE,SOC,A,IPF,IDA,2020-02-28,2027-03-01,1,1,0,LIC,1,1,1,60.0,4.0943445622221,2020,5.336071184120465,0,7.003422313483915
85,P166013,IN01360396,Number of women and children who have received basic nutrition services,0.75,1,0.0,0.0,1,COMPASS,Comoros,COM,AFE,HNP,A,IPF,IDA,2019-07-02,2026-06-30,1,1,1,LMC,0,1,1,35.0,3.5553480614894135,2020,5.9958932238193015,0,6.995208761122519
86,P176630,IN01371293-F,"Percentage (%) of population vaccinated, which is included in the priority population targets defined in the national plan [disaggregated by sex].",0.505065895,1,4.3983158399999995,4.13012585,0,Angola COVID-19 SPRP,Angola,AGO,AFE,HNP,C,IPF,IBRD,2021-07-29,2025-05-30,0,1,0,LMC,1,0,0,150.0,5.0106352940962555,2022,3.920602327173169,0,3.8357289527720737
87,P169315,IN00040268-F,"Health infrastructure (hospitals, health care centers)",0.503195465,1,0.0,0.0,1,Burundi Integrated Community Development,Burundi,BDI,AFE,SOC,A,IPF,IDA,2020-02-28,2027-03-01,1,1,0,LIC,1,1,1,60.0,4.0943445622221,2020,5.336071184120465,0,7.003422313483915
88,P175298,IN00023877,Displaced people and people in host communities provided with services and livelihoods – Female,0.514455322,1,0.0,0.0,1,HCP for Northern MZ,Mozambique,MOZ,AFE,HNP,A,IPF,IDA,2021-12-21,2026-12-31,1,1,0,LIC,1,1,1,95.8384324,4.562663777805993,2022,3.5236139630390144,0,5.026694045174538
89,P505188,IN00018195,"People receiving quality health, nutrition, and population services – Female",1.0,0,0.0,0.0,1,Zambia HEPRR,Zambia,ZMB,AFE,HNP,A,IPF,IDA,2024-06-13,2029-06-30,0,1,0,LMC,1,1,1,50.0,3.912023005428146,2024,1.0458590006844628,0,5.045859000684462
90,P178410,IN00025792,"People receiving quality health, nutrition, and population services – Female",1.0,0,0.0,0.0,1,Punjab Family Planning Program,Pakistan,PAK,MENAAP,HNP,A,P4R,IDA,2023-07-12,2027-06-30,0,0,0,LMC,1,1,1,100.0,4.605170185988092,2024,1.9685147159479808,0,3.9671457905544147
91,P175840,IN01409542,"Percentage of females fully vaccinated, based on the prioritized population in the national plan",1.0,0,0.060858,0.069678,0,COVID-19 vaccin,Comoros,COM,AFE,HNP,A,IPF,IDA,2021-06-29,2025-12-31,1,1,1,LMC,1,1,1,34.912323549999996,3.5528398771947924,2021,4.002737850787132,0,4.506502395619439
92,P163345,IN01398714-F,Percentage of eligible population with effective health coverage.,0.5152928630779153,1,0.86396567,0.86396567,0,Supporting EUHC in Argentina,Argentina,ARG,LCR,HNP,C,IPF,IBRD,2018-05-18,2025-04-30,0,0,0,UMC,0,0,0,550.0,6.309918278226516,2018,7.1184120465434635,0,6.951403148528406
93,P179550,IN01352243,Female,1.0,0,3.391664,5.070832,0,CIV Human Capital Project,Cote d'Ivoire,CIV,AFW,HNP,A,IPF,IDA,2023-06-30,2028-06-30,0,0,0,LMC,1,1,1,279.0,5.631211781821365,2023,2.001368925393566,0,5.002053388090349
94,P181385,IN00023974,"People receiving quality health, nutrition, and population services – Female",1.0,0,0.0,0.0,1,Health Sector Transformation Project,South Sudan,SSD,AFE,HNP,A,IPF,IDA,2023-12-20,2027-07-31,1,1,0,LIC,1,1,1,157.0,5.056245805348308,2024,1.5277207392197125,0,3.6112251882272415
95,P128442,IN01351134-F,Percentage of women aged 30-60 screened for cervical cancer at least once during the last 3 years and received the results (Percentage),1.0,0,0.006066060000000001,0.007582569999999999,0,DISEASE PREVENTION & CTRL,Armenia,ARM,ECA,HNP,C,IPF,IDA,2013-03-27,2024-06-30,0,0,0,UMC,0,0,1,42.39251761,3.7469718752027275,2013,12.260095824777549,0,11.260780287474333
96,P164771,IN01359002-F,Adolescent girls aged 10-19 who received iron-folate supplementation,0.511888204,1,1.08294147,0.8702099499999999,0,Investing in the Early Years in Malawi,Malawi,MWI,AFE,HNP,C,IPF,IDA,2018-12-19,2025-06-30,0,1,0,LIC,0,0,1,50.0,3.912023005428146,2019,6.529774127310062,0,6.529774127310062
97,P176532,IN01413636,"People who have received essential health, nutrition, and population (HNP) services - Female (RMS requirement)",1.0,0,0.017036,0.805,0,RESHAPE,Honduras,HND,LCR,HNP,A,IPF,IDA,2022-06-16,2028-11-30,0,0,0,LMC,1,1,1,60.0,4.0943445622221,2022,3.0390143737166326,0,6.458590006844627
98,P176693,IN00046122-GM,Number of people receiving outpatient services - Female,0.5020308,1,0.0,0.0,1,SWEDD+,Chad,TCD,AFW,HNP,A,IPF,IDA,2023-09-29,2030-06-30,1,1,0,LIC,1,1,1,445.0,6.09807428216624,2024,1.7522245037645447,0,6.751540041067762
99,P177003,IN00057386-F,Number of women and children who have received basic nutrition services,0.789487999,1,0.240976211422769,0.34299306116555,0,CAR Health Service and System SENI-Plus,Central African Republic,CAF,AFW,HNP,A,IPF,IDA,2022-06-03,2027-09-30,1,1,0,LIC,1,1,1,98.0,4.584967478670572,2022,3.07460643394935,0,5.325119780971937
100,P167598,IN01433872-F,"People who have received essential health, nutrition, and population (HNP) services",0.50576183,1,0.69487174,0.68277847,0,Primary Health Care Quality Improvement,Kyrgyz Republic,KGZ,ECA,HNP,A,P4R,IDA,2019-06-07,2027-06-30,0,0,0,LMC,1,1,1,20.0,2.995732273553991,2019,6.064339493497604,0,8.062970568104038
101,P173168,IN01421393,"People who have received essential health, nutrition, and population (HNP) services - Female (RMS requirement)",1.0,0,0.80600482,1.1866228,0,Ghana Primary Health Care PforR,Ghana,GHA,AFW,HNP,A,P4R,IDA,2022-06-10,2026-06-30,0,0,0,LMC,1,1,1,150.0,5.0106352940962555,2022,3.055441478439425,0,4.054757015742642
102,P175298,IN01348134,Number of women and children who have received basic nutrition services,0.75,1,0.0,0.0,1,HCP for Northern MZ,Mozambique,MOZ,AFE,HNP,A,IPF,IDA,2021-12-21,2026-12-31,1,1,0,LIC,1,1,1,95.8384324,4.562663777805993,2022,3.5236139630390144,0,5.026694045174538
103,P164771,IN01359010,Number of women and children who have received basic nutrition services,0.75,1,2.55095175,1.95,0,Investing in the Early Years in Malawi,Malawi,MWI,AFE,HNP,C,IPF,IDA,2018-12-19,2025-06-30,0,1,0,LIC,0,0,1,50.0,3.912023005428146,2019,6.529774127310062,0,6.529774127310062
104,P176693,IN00046122-SN,Number of people receiving outpatient services - Female,0.4921452,1,0.0,0.0,1,SWEDD+,Chad,TCD,AFW,HNP,A,IPF,IDA,2023-09-29,2030-06-30,1,1,0,LIC,1,1,1,445.0,6.09807428216624,2024,1.7522245037645447,0,6.751540041067762
105,P167598,IN01433984-F,Number of pregnant women who received hemoglobin test and urine analysis for bacteriuria during the first trimester in a public PHC facility,1.0,0,0.141723,0.216,0,Primary Health Care Quality Improvement,Kyrgyz Republic,KGZ,ECA,HNP,A,P4R,IDA,2019-06-07,2027-06-30,0,0,0,LMC,1,1,1,20.0,2.995732273553991,2019,6.064339493497604,0,8.062970568104038
106,P164771,IN01358933-F,Children aged 6-23 months receiving a minimum acceptable diet,0.511888204,1,0.01678663,0.01140839,0,Investing in the Early Years in Malawi,Malawi,MWI,AFE,HNP,C,IPF,IDA,2018-12-19,2025-06-30,0,1,0,LIC,0,0,1,50.0,3.912023005428146,2019,6.529774127310062,0,6.529774127310062
107,P176693,IN00046122-MR,Number of people receiving outpatient services - Female,0.5091683,1,0.0,0.0,1,SWEDD+,Chad,TCD,AFW,HNP,A,IPF,IDA,2023-09-29,2030-06-30,1,1,0,LIC,1,1,1,445.0,6.09807428216624,2024,1.7522245037645447,0,6.751540041067762
108,P176693,IN00046122-TD,Number of people receiving outpatient services - Female,0.4984458,1,0.0,0.0,1,SWEDD+,Chad,TCD,AFW,HNP,A,IPF,IDA,2023-09-29,2030-06-30,1,1,0,LIC,1,1,1,445.0,6.09807428216624,2024,1.7522245037645447,0,6.751540041067762
109,P176693,IN00046122-CG,Number of people receiving outpatient services - Female,0.5000921,1,0.0,0.0,1,SWEDD+,Chad,TCD,AFW,HNP,A,IPF,IDA,2023-09-29,2030-06-30,1,1,0,LIC,1,1,1,445.0,6.09807428216624,2024,1.7522245037645447,0,6.751540041067762
110,P176693,IN00046122-TG,Number of people receiving outpatient services - Female,0.4965384,1,0.0,0.0,1,SWEDD+,Chad,TCD,AFW,HNP,A,IPF,IDA,2023-09-29,2030-06-30,1,1,0,LIC,1,1,1,445.0,6.09807428216624,2024,1.7522245037645447,0,6.751540041067762
111,P176693,IN00046122-BF,Number of people receiving outpatient services - Female,0.501790769,1,0.0,0.0,1,SWEDD+,Chad,TCD,AFW,HNP,A,IPF,IDA,2023-09-29,2030-06-30,1,1,0,LIC,1,1,1,445.0,6.09807428216624,2024,1.7522245037645447,0,6.751540041067762
112,P176693,IN00046122-ML,Number of people receiving outpatient services - Female,0.4955463,1,0.0,0.0,1,SWEDD+,Chad,TCD,AFW,HNP,A,IPF,IDA,2023-09-29,2030-06-30,1,1,0,LIC,1,1,1,445.0,6.09807428216624,2024,1.7522245037645447,0,6.751540041067762
113,P168564,IN01358692-F,Number of people screened and diagnosed with hypertension,0.508830385,1,0.01167054,0.00850546,0,Eswatini Health System Strengthening,Eswatini,SWZ,AFE,HNP,C,IPF,IBRD,2020-06-22,2025-09-30,0,0,0,LMC,1,0,0,20.0,2.995732273553991,2020,5.021218343600274,0,5.2731006160164275
114,P162675,IN01377299,Number of women and children who have received basic nutrition services,0.75,1,0.5339295,0.525,0,Cambodia Nutrition Project,Cambodia,KHM,EAP,HNP,A,IPF,IDA,2019-04-04,2026-06-30,0,1,0,LMC,0,1,1,15.0,2.70805020110221,2019,6.239561943874059,0,7.238877481177276
115,P175110,IN01394352,Number of women and children who have received basic nutrition services,0.75,1,0.0,0.0,1,Phase 2 of Improving Nutrition Outcomes,Madagascar,MDG,AFE,HNP,A,IPF,IDA,2022-06-27,2026-12-31,0,1,0,LIC,1,1,1,85.0,4.442651256490317,2022,3.0088980150581794,0,4.511978097193703
116,P164785,IN00033722,Number of outpatient service encounters - Female,1.0,0,0.0,0.0,1,PHCIP,Pakistan,PAK,MENAAP,SPL,A,IPF,IDA,2020-03-03,2026-06-30,0,0,0,LMC,0,1,1,200.0,5.298317366548036,2020,5.325119780971937,0,6.324435318275154
117,P168564,IN01358614-F,Percentage of pregnant women receiving at least 4 ANC that meet defined quality standards,1.0,0,0.00038739,0.00082669,0,Eswatini Health System Strengthening,Eswatini,SWZ,AFE,HNP,C,IPF,IBRD,2020-06-22,2025-09-30,0,0,0,LMC,1,0,0,20.0,2.995732273553991,2020,5.021218343600274,0,5.2731006160164275
118,P179509,IN00039629-F,Number of women and children who have received basic nutrition services,0.75,1,0.0,0.0,1,Human Capital Project,Guinea-Bissau,GNB,AFW,HNP,A,IPF,IDA,2025-01-09,2030-02-28,1,1,1,LIC,1,1,1,20.0,2.995732273553991,2025,0.47091033538672145,1,5.136208076659822
119,P172284,IN01434684,"People who have received essential health, nutrition, and population (HNP) services - Female (RMS requirement)",1.0,0,0.0,0.0,1,Ethiopia Human Capital Operation,Ethiopia,ETH,AFE,EDU,A,P4R,IDA,2023-06-16,2028-07-07,1,1,0,Unknown,1,1,1,400.0,5.991464547107982,2023,2.0396988364134154,0,5.059548254620124
120,P181564,IN00016471-F,"People receiving quality health, nutrition and population services",0.516268139,1,0.0,0.0,0,Sri Lanka PHSEP,Sri Lanka,LKA,SAR,HNP,A,IPF,IDA,2024-06-21,2028-12-31,0,0,0,LMC,1,1,1,150.0,5.0106352940962555,2024,1.0239561943874058,0,4.528405201916495
121,P173825,IN01418294,Percentage of those vaccinated who are female,1.0,0,5.039064,4.2675,0,DRC  - COVID-19 Project,"Congo, Democratic Republic of",COD,AFE,HNP,C,IPF,IDA,2020-04-02,2024-06-30,1,1,0,LIC,1,0,1,247.2,5.510197725583535,2020,5.242984257357974,0,4.243668720054757
122,P168564,IN01358681-F,Percentage of adolescents served or reached with quality sexual and reproductive health services,0.508830385,1,2.868e-05,3.187e-05,0,Eswatini Health System Strengthening,Eswatini,SWZ,AFE,HNP,C,IPF,IBRD,2020-06-22,2025-09-30,0,0,0,LMC,1,0,0,20.0,2.995732273553991,2020,5.021218343600274,0,5.2731006160164275
123,P176141,IN01407185-F,"Percentage of population vaccinated, which is included in the priority population as defined in the national plan, disaggregated by gender",0.522862114,1,0.0,0.0,1,COVID-19 & EHS,Zimbabwe,ZWE,AFE,HNP,C,IPF,RETF,2022-03-03,2025-11-15,1,0,0,LMC,1,0,0,21.575,3.0715352369694915,2022,3.326488706365503,0,3.704312114989733
124,P172426,IN01342351,"People who have received essential health, nutrition, and population (HNP) services - Female (RMS requirement)",0.49512108,1,0.0,0.0,0,EG: Support'g Universal Health Insurance,"Egypt, Arab Republic of",EGY,MENAAP,HNP,A,IPF,IBRD,2020-06-16,2026-09-30,0,0,0,LMC,1,1,0,400.0,5.991464547107982,2020,5.037645448323066,0,6.288843258042436
125,P179509,IN00012873,Female,1.0,0,0.0,0.0,1,Human Capital Project,Guinea-Bissau,GNB,AFW,HNP,A,IPF,IDA,2025-01-09,2030-02-28,1,1,1,LIC,1,1,1,20.0,2.995732273553991,2025,0.47091033538672145,1,5.136208076659822
126,P167156,IN01427361,"People who have received essential health, nutrition, and population (HNP) services - Female (RMS requirement)",1.0,0,5.674447,4.186447,0,NG Child Health for Human Capital MPA,Nigeria,NGA,AFW,HNP,A,IPF,IDA,2020-02-18,2025-12-31,1,0,0,LMC,0,1,1,650.0,6.476972362889683,2020,5.363449691991787,0,5.867214236824093
127,P503776,IN00016842,"People receiving quality health, nutrition, and population services – Female",1.0,0,0.0,1.6780392,0,ARISE,Mali,MLI,AFW,HNP,A,IPF,IDA,2024-06-28,2029-06-30,1,1,0,LIC,1,1,1,100.0,4.605170185988092,2024,1.0047912388774811,0,5.004791238877481
128,P162069,IN01365639,Number of women and children who have received basic nutrition services,0.75,1,0.0,0.0,1,Nigeria Nutrition Improvement Project,Nigeria,NGA,AFW,HNP,C,IPF,IDA,2018-06-27,2024-12-31,1,0,0,LMC,0,0,1,143.20000049,4.964242257948333,2018,7.008898015058179,0,6.513347022587269
129,P160846,IN01434585,"People who have received essential health, nutrition, and population (HNP) services - Female (RMS requirement)",0.508405412,1,0.0,0.0,1,HSSP,Bangladesh,BGD,SAR,HNP,C,IPF,IDA,2017-07-28,2024-06-30,0,1,0,LMC,0,0,1,550.0,6.309918278226516,2018,7.923340177960301,0,6.924024640657084
130,P176141,IN01407205-F,Percentage of women attending four or more ANC visits,1.0,0,0.0,0.0,1,COVID-19 & EHS,Zimbabwe,ZWE,AFE,HNP,C,IPF,RETF,2022-03-03,2025-11-15,1,0,0,LMC,1,0,0,21.575,3.0715352369694915,2022,3.326488706365503,0,3.704312114989733
131,P173589,IN01404286-F,Increase in number of patients utilizing government health services OPD in targeted facilities.,0.484395639,1,0.0,0.0,1,MEGHALAYA HSSP,India,IND,SAR,HNP,A,IPF,IBRD,2021-09-30,2027-03-31,0,0,0,LMC,1,1,0,40.0,3.6888794541139363,2022,3.7481177275838466,0,5.49760438056126
132,P178530,IN00024256,"People receiving quality health, nutrition, and population services – Female",1.0,0,0.0,0.0,1,Sindh Health and Population Project,Pakistan,PAK,MENAAP,HNP,A,IPF,IDA,2022-12-19,2027-06-30,0,0,0,LMC,1,1,1,200.0,5.298317366548036,2023,2.529774127310062,0,4.528405201916495
133,P174903,IN01312941-F,Number of children vaccinated with Penta 3 under the project,0.498428499,1,0.45299475,1.7744054599999999,0,Preparedness & HSS,Madagascar,MDG,AFE,HNP,A,IPF,IDA,2022-03-29,2026-06-30,0,1,0,LIC,1,1,1,93.504364,4.538008109002245,2022,3.2553045859000687,0,4.254620123203286
134,P164785,IN00034053-F,Number of children immunized,0.4933198,1,0.0,0.0,1,PHCIP,Pakistan,PAK,MENAAP,SPL,A,IPF,IDA,2020-03-03,2026-06-30,0,0,0,LMC,0,1,1,200.0,5.298317366548036,2020,5.325119780971937,0,6.324435318275154
135,P165253,IN01406211,Number of women and children who have received basic nutrition services,0.75,1,0.33244734000000004,0.28125,0,Burundi EY&F (NKURIZA),Burundi,BDI,AFE,HNP,C,IPF,IDA,2019-09-05,2025-06-30,1,1,0,LIC,0,0,1,30.0,3.4011973816621555,2020,5.817932922655715,0,5.817932922655715
136,P174903,IN01312938-F,Number of women using a modern contraceptive method,1.0,0,2.77075,3.2,0,Preparedness & HSS,Madagascar,MDG,AFE,HNP,A,IPF,IDA,2022-03-29,2026-06-30,0,1,0,LIC,1,1,1,93.504364,4.538008109002245,2022,3.2553045859000687,0,4.254620123203286
137,P176141,IN01407206-F,People who have received community-based outreach services,0.522862114,1,0.0,0.0,1,COVID-19 & EHS,Zimbabwe,ZWE,AFE,HNP,C,IPF,RETF,2022-03-03,2025-11-15,1,0,0,LMC,1,0,0,21.575,3.0715352369694915,2022,3.326488706365503,0,3.704312114989733
138,P173589,IN01404293-F,Increase in number of women patients utilizing government health services IPD in targeted facilities.,1.0,0,0.0,0.0,1,MEGHALAYA HSSP,India,IND,SAR,HNP,A,IPF,IBRD,2021-09-30,2027-03-31,0,0,0,LMC,1,1,0,40.0,3.6888794541139363,2022,3.7481177275838466,0,5.49760438056126
139,P164785,IN00034054-F,Number of women receiving deliveries attended by skilled health personnel,1.0,0,0.0,0.0,1,PHCIP,Pakistan,PAK,MENAAP,SPL,A,IPF,IDA,2020-03-03,2026-06-30,0,0,0,LMC,0,1,1,200.0,5.298317366548036,2020,5.325119780971937,0,6.324435318275154
140,P168564,IN01358687,"People who have received essential health, nutrition, and population (HNP) services - Female (RMS requirement)",1.0,0,0.145708,0.201209,0,Eswatini Health System Strengthening,Eswatini,SWZ,AFE,HNP,C,IPF,IBRD,2020-06-22,2025-09-30,0,0,0,LMC,1,0,0,20.0,2.995732273553991,2020,5.021218343600274,0,5.2731006160164275
141,P168564,IN01358691-F,Percentage of women receiving post-partum check-up within 14 days,1.0,0,0.0010263199999999998,0.0011412,0,Eswatini Health System Strengthening,Eswatini,SWZ,AFE,HNP,C,IPF,IBRD,2020-06-22,2025-09-30,0,0,0,LMC,1,0,0,20.0,2.995732273553991,2020,5.021218343600274,0,5.2731006160164275
142,P168564,IN01358693-F,Number of people screened and diagnosed with diabetes,0.508830385,1,0.00348652,0.00269328,0,Eswatini Health System Strengthening,Eswatini,SWZ,AFE,HNP,C,IPF,IBRD,2020-06-22,2025-09-30,0,0,0,LMC,1,0,0,20.0,2.995732273553991,2020,5.021218343600274,0,5.2731006160164275
143,P179595,IN01413190-F,Children accessing high complexity services for selected congenital cardiopathies and pediatric cancers,0.5035434,1,0.0,0.0,1,Effective UHC and System Integration,Argentina,ARG,LCR,HNP,A,P4R,IBRD,2023-06-27,2026-12-31,0,0,0,UMC,0,1,0,300.0,5.703782474656201,2023,2.0095824777549622,0,3.512662559890486
144,P171158,IN01430494,For women of reproductive age to receive family planning,1.0,0,0.0,0.0,1,CAR Human Capital (Maïngo) Project,Central African Republic,CAF,AFW,HNP,A,IPF,IDA,2021-06-23,2026-12-31,1,1,0,LIC,1,1,1,90.0,4.499809670330265,2021,4.0191649555099245,0,5.522245037645448
145,P179913,IN00007424-F,"Number of screenings for hypertension, diabetes, and cervical cancer at district health facilities",0.514455322,1,0.0,0.0,1,DCHSRO,Mozambique,MOZ,AFE,HNP,A,P4R,IDA,2024-02-29,2028-12-31,1,1,0,LIC,1,1,1,108.7,4.688591794127164,2024,1.3333333333333333,0,4.837782340862423
146,P163721,IN01404282-F,Number of women at age 35 and at age 45 years who are screened for cervical cancer at a network of public health facilities (DLI 8),1.0,0,0.0,0.0,1,Sri Lanka: PSSP,Sri Lanka,LKA,SAR,HNP,C,IPF,IBRD,2018-06-27,2024-06-30,0,0,0,LMC,0,0,0,200.0,5.298317366548036,2018,7.008898015058179,0,6.009582477754963
147,P504629,IN00022519-F,"People receiving quality health, nutrition, and population services",0.504375268,1,0.0,0.0,1,SHARE,Sudan,SDN,AFE,HNP,A,IPF,IDA,2024-12-13,2027-01-31,1,1,0,LIC,1,1,1,82.0,4.406719247264253,2025,0.5448323066392882,1,2.132785763175907
148,P176956,IN01418972-F,"Percentage of children aged 12-23 months who received basic vaccinations (BCG, measles, and three doses each of DPT and polio vaccine - excluding polio vaccine given at birth)",0.499104338,1,0.13106296,0.09663741,0,Somalia COVID-19 Vaccination project,"Somalia, Federal Republic of",SOM,AFE,HNP,A,IPF,IDA,2021-09-28,2025-12-31,1,1,0,LIC,1,1,1,65.0,4.174387269895637,2022,3.753593429158111,0,4.257357973990418
149,P178775,IN01413421-F,"People receiving quality health, nutrition, and population services",0.494970277,1,7.49962382,8.17924524,0,Afghanistan Health Emergency Response,Afghanistan,AFG,MENAAP,HNP,A,IPF,IDA,2022-05-24,2027-05-31,1,1,0,LIC,1,1,1,160.0,5.075173815233827,2022,3.1019849418206706,0,5.018480492813142
150,P180245,IN01337685-F,Number of people receiving an extended health examination at the PHC level (disaggregated by gender),0.534701441,1,0.0,0.0,1,HEAL Ukraine,Ukraine,UKR,ECA,HNP,A,IPF,IBRD,2022-12-20,2026-12-23,1,0,0,UMC,1,1,0,103.5,4.639571612705423,2023,2.5270362765229293,0,4.008213552361396
151,P152799,IN01361548,Direct project beneficiaries of which female (percentage),1.0,0,8.447584,7.689,0,Health System Strengthening & Support,Türkiye,TUR,ECA,HNP,C,IPF,IBRD,2015-09-21,2023-12-31,0,0,0,UMC,0,0,0,134.3,4.900076103529192,2016,9.774127310061601,0,8.276522929500342
152,P172504,IN01382477,"People who have received essential health, nutrition, and population (HNP) services - Female (RMS requirement)",1.0,0,2.45930792,0.662471,0,HSPSP,Chad,TCD,AFW,HNP,A,IPF,IDA,2021-08-06,2026-12-31,1,1,0,LIC,1,1,1,240.0,5.480638923341991,2022,3.898699520876112,0,5.401779603011636
153,P167996,IN01389685-F,"People who have received essential health, nutrition, and population (HNP) services",0.498738107,1,0.039020769999999996,0.04642504,0,PY Public Health Sector Strengthening,Paraguay,PRY,LCR,HNP,A,IPF,IBRD,2019-05-28,2026-06-30,0,0,0,UMC,0,1,0,115.0,4.74493212836325,2019,6.091718001368926,0,7.091033538672143
154,P174041,IN00037160-F,"Total number of people receiving quality health, nutrition and population services",0.5021761757232572,1,6.28236708,6.51614497,0,Uganda COVID-19 Response Project,Uganda,UGA,AFE,HNP,C,IPF,IDA,2020-07-15,2025-06-30,0,1,0,LIC,1,0,1,176.8,5.175019150203543,2021,4.958247775496235,0,4.958247775496235
155,P179534,IN01350033-F,"Patients with a consultation properly registered in the IHR, by gender",0.5035434,1,0.0,0.0,1,Digital Health Agenda in the PBA,Argentina,ARG,LCR,HNP,A,IPF,IBRD,2023-07-05,2027-04-30,0,0,0,UMC,1,1,0,50.0,3.912023005428146,2024,1.9876796714579055,0,3.8193018480492813
156,P164845,IN01380079,Number of women and children who have received basic nutrition services,0.75,1,0.0,0.0,1,Rwanda Stunting Prevention and Reduction,Rwanda,RWA,AFE,HNP,A,IPF,IDA,2018-02-28,2025-12-31,0,1,0,LIC,0,1,1,95.0,4.553876891600541,2018,7.3347022587268995,0,7.838466803559206
157,P173731,IN00023845,"People receiving quality health, nutrition, and population services – Female",0.499104338,1,0.0,0.0,1,Somalia RCRF III,"Somalia, Federal Republic of",SOM,AFE,GOV,A,IPF,IDA,2020-06-11,2026-12-31,1,1,0,LIC,1,1,1,195.0,5.272999558563747,2020,5.0513347022587265,0,6.55441478439425
158,P176956,IN01418912-F,"Percentage of population fully vaccinated, which is included in the priority population targets defined in the national plan (disaggregated by sex)",0.499104338,1,1.90009021,1.11579766,0,Somalia COVID-19 Vaccination project,"Somalia, Federal Republic of",SOM,AFE,HNP,A,IPF,IDA,2021-09-28,2025-12-31,1,1,0,LIC,1,1,1,65.0,4.174387269895637,2022,3.753593429158111,0,4.257357973990418
159,P178957,IN01292113,"People who have received essential health, nutrition, and population (HNP) services - Female (RMS requirement)",1.0,0,0.195313,0.95,0,Lao HANSA2,Lao People's Democratic Republic,LAO,EAP,HNP,A,IPF,IDA,2024-02-21,2029-06-30,0,1,0,LMC,1,1,1,39.0,3.6635616461296463,2024,1.3552361396303902,0,5.3552361396303905
160,P165534,IN01369051,"People who have received essential health, nutrition, and population (HNP) services - Female (RMS requirement)",1.0,0,0.0,0.0,1,M-APUHC,Mali,MLI,AFW,HNP,C,IPF,IDA,2019-03-19,2024-06-30,1,1,0,LIC,0,0,1,50.0,3.912023005428146,2019,6.283367556468172,0,5.284052019164956
161,P144688,IN01432071-F,"People receiving quality health, nutrition, and population services",0.505790802,1,0.0,0.0,1,Albania Health System Improvement,Albania,ALB,ECA,HNP,C,IPF,IBRD,2015-02-27,2025-09-30,0,0,0,UMC,0,0,0,69.5,4.241326752570746,2015,10.338124572210814,0,10.590006844626968
162,P179595,IN00044528,"People receiving quality health, nutrition, and population services – Female",1.0,0,0.0,0.0,1,Effective UHC and System Integration,Argentina,ARG,LCR,HNP,A,P4R,IBRD,2023-06-27,2026-12-31,0,0,0,UMC,0,1,0,300.0,5.703782474656201,2023,2.0095824777549622,0,3.512662559890486
163,P178033,IN01335936,"People who have received essential health, nutrition, and population (HNP) services - Female (RMS requirement)",1.0,0,0.03357264,0.1242,0,Djibouti Health System Strengthening,Djibouti,DJI,MENAAP,HNP,A,IPF,IDA,2022-05-26,2027-05-31,0,1,0,LMC,1,1,1,19.5,2.970414465569701,2022,3.0965092402464065,0,5.0130047912388775
164,P178252,IN01411765-F,Increased population-based screening for key NCDs,0.484395639,1,7.2024277,5.972162269999999,0,SRESTHA Gujarat Program,India,IND,SAR,HNP,A,P4R,IBRD,2022-09-21,2028-03-31,0,0,0,LMC,0,1,0,350.0,5.857933154483459,2023,2.7734428473648185,0,5.5249828884325805
165,P179913,IN00007099-F,Percentage of eligible adolescent girls as per national protocols vaccinated against HPV in target districts,1.0,0,0.0,0.0,1,DCHSRO,Mozambique,MOZ,AFE,HNP,A,P4R,IDA,2024-02-29,2028-12-31,1,1,0,LIC,1,1,1,108.7,4.688591794127164,2024,1.3333333333333333,0,4.837782340862423
166,P178957,IN01292108-F,Percentage of MSM/TG in the five target sites received an HIV test,0.0,0,0.0,0.0,0,Lao HANSA2,Lao People's Democratic Republic,LAO,EAP,HNP,A,IPF,IDA,2024-02-21,2029-06-30,0,1,0,LMC,1,1,1,39.0,3.6635616461296463,2024,1.3552361396303902,0,5.3552361396303905
167,P171158,IN01430527-F,Students reached through gender and health discussion sessions,0.5192555,1,0.0,0.0,1,CAR Human Capital (Maïngo) Project,Central African Republic,CAF,AFW,HNP,A,IPF,IDA,2021-06-23,2026-12-31,1,1,0,LIC,1,1,1,90.0,4.499809670330265,2021,4.0191649555099245,0,5.522245037645448
168,P179913,IN00007097-F,Percentage of children aged 0-24 months receiving a Nutrition Intervention Package in target districts,0.514455322,1,0.0,0.0,1,DCHSRO,Mozambique,MOZ,AFE,HNP,A,P4R,IDA,2024-02-29,2028-12-31,1,1,0,LIC,1,1,1,108.7,4.688591794127164,2024,1.3333333333333333,0,4.837782340862423
169,P171158,IN01430497,Young women,1.0,0,0.0,0.0,1,CAR Human Capital (Maïngo) Project,Central African Republic,CAF,AFW,HNP,A,IPF,IDA,2021-06-23,2026-12-31,1,1,0,LIC,1,1,1,90.0,4.499809670330265,2021,4.0191649555099245,0,5.522245037645448
170,P179913,IN00006243-F,Percentage of pregnant women in target districts who receive at least four ANC visits,1.0,0,0.0,0.0,1,DCHSRO,Mozambique,MOZ,AFE,HNP,A,P4R,IDA,2024-02-29,2028-12-31,1,1,0,LIC,1,1,1,108.7,4.688591794127164,2024,1.3333333333333333,0,4.837782340862423
171,P171158,IN01430481-F,New users of a modern contraceptive methods,0.5192555,1,0.0,0.0,1,CAR Human Capital (Maïngo) Project,Central African Republic,CAF,AFW,HNP,A,IPF,IDA,2021-06-23,2026-12-31,1,1,0,LIC,1,1,1,90.0,4.499809670330265,2021,4.0191649555099245,0,5.522245037645448
172,P166783,IN00043846,"People receiving quality health, nutrition, and population services – Female",1.0,0,0.020438,0.0303,0,LC Health System Strengthening,St. Lucia,LCA,LCR,HNP,C,IPF,IDA,2018-09-28,2025-10-16,0,0,1,UMC,0,0,1,25.0,3.2188758248682006,2019,6.754277891854894,0,7.049965776865161
173,P167184,IN00023420,"People receiving quality health, nutrition, and population services – Female",0.48617597,1,0.0,0.0,0,PNG IMPACT Health,Papua New Guinea,PNG,EAP,HNP,A,IPF,IDA,2020-04-22,2026-06-30,1,0,1,LMC,0,1,1,30.0,3.4011973816621555,2020,5.188227241615332,0,6.187542778918549
174,P171648,IN01397904-F,Number of cases screened for hypertension at the CCs in CXB district (disaggregated by gender),0.5076,1,0.0,0.0,1,Health and Gender Support Project,Bangladesh,BGD,SAR,HNP,C,IPF,IDA,2020-03-31,2024-12-31,0,1,0,LMC,1,0,1,150.0,5.0106352940962555,2020,5.248459958932238,0,4.7529089664613275
175,P176306,IN00043614,Number of people receiving outpatient services - Female,1.0,0,0.0,0.024,0,Kiribati HSSP,Kiribati,KIR,EAP,HNP,A,IPF,IDA,2022-04-04,2027-03-31,1,1,1,LMC,1,1,1,28.0,3.332204510175204,2022,3.238877481177276,0,4.988364134154689
176,P174352,IN01373487-F,"Percentage of priority population vaccinated based on the targets defined in national plan, disaggregated by gender.",0.504375268,1,8.06748241,13.82996985,0,Sudan COVID-19 Response Project,Sudan,SDN,AFE,HNP,C,IPF,RETF,2020-09-30,2023-12-31,1,1,0,LIC,1,0,0,29.90035605,3.3978703883524966,2021,4.747433264887063,0,3.249828884325804
177,P174266,IN01433565,"People who have received essential health, nutrition, and population (HNP) services - Female (RMS requirement)",1.0,0,0.37105532,1.01532482,0,Togo UHC Project,Togo,TGO,AFW,HNP,A,IPF,IDA,2021-03-11,2026-04-30,0,1,0,LIC,1,1,1,70.0,4.248495242049359,2021,4.303901437371663,0,5.136208076659822
178,P175884,IN01405164,"People who have received essential health, nutrition, and population (HNP) services - Female (RMS requirement)",1.0,0,1.952388,5.88306,0,COVID-19 Response Project,Mozambique,MOZ,AFE,HNP,C,IPF,IDA,2021-06-03,2024-06-30,1,1,0,LIC,1,0,1,156.61345911,5.053780725649016,2021,4.073921971252567,0,3.07460643394935
179,P173845,IN01376248,Percentage of women vaccinated with COVID19 Vaccine,1.0,0,0.0,0.0,1,Burundi COVID19 Project,Burundi,BDI,AFE,HNP,A,IPF,IDA,2020-04-10,2025-12-31,1,1,0,LIC,1,1,1,64.99910272,4.174373465492664,2020,5.221081451060917,0,5.724845995893224
180,P500727,IN00018330,"People receiving quality health, nutrition, and population services – Female",1.0,0,0.0,0.0,1,ISO,Bangladesh,BGD,SAR,SPL,A,IPF,IDA,2024-05-28,2028-06-30,0,1,0,LMC,1,1,1,350.0,5.857933154483459,2024,1.0896646132785763,0,4.090349075975359
181,P175676,IN01371976-F,Viral disease samples tested each year (CRI),0.484395639,1,0.0,0.0,1,India PHSPP,India,IND,SAR,HNP,A,P4R,IBRD,2022-06-28,2027-12-31,0,0,0,LMC,0,1,0,500.0,6.214608098422191,2022,3.0061601642710474,0,5.508555783709788
182,P173858,IN01426886-F,Infants 0-11 months who received Pentavalent 3 vaccine,0.501790769,1,0.0,0.0,1,Burkina Faso COVID-19 Project,Burkina Faso,BFA,AFW,HNP,C,IPF,IDA,2020-04-28,2024-09-30,1,1,0,LIC,1,0,1,69.45,4.240607069200353,2020,5.171800136892539,0,4.424366872005476
183,P172940,IN00031793,"People who received quality health, nutrition and population services (women)",1.0,0,0.33164,1.17059,0,Benin Health System Enhancement Program,Benin,BEN,AFW,HNP,A,P4R,IDA,2022-04-27,2027-06-30,0,1,0,LMC,0,1,1,187.0,5.231108616854587,2022,3.1759069130732374,0,5.174537987679671
184,P171648,IN01397903-F,Number of children 0-23 months who received IYCF counselling at UH&FWCs of CXB district,0.5076,1,0.0,0.0,1,Health and Gender Support Project,Bangladesh,BGD,SAR,HNP,C,IPF,IDA,2020-03-31,2024-12-31,0,1,0,LMC,1,0,1,150.0,5.0106352940962555,2020,5.248459958932238,0,4.7529089664613275
185,P179337,IN01378460,Inpatient and outpatient utilization by female beneficiaries in District Hospitals,1.0,0,0.0,0.0,1,Assam ASSIST,India,IND,SAR,HNP,A,IPF,IBRD,2023-06-26,2029-11-30,0,0,0,LMC,1,1,0,251.03,5.52557245390196,2023,2.0123203285420943,0,6.431211498973306
186,P173858,IN01426895-F,Deliveries assisted by a qualified health personnel,0.501790769,1,0.0,0.0,1,Burkina Faso COVID-19 Project,Burkina Faso,BFA,AFW,HNP,C,IPF,IDA,2020-04-28,2024-09-30,1,1,0,LIC,1,0,1,69.45,4.240607069200353,2020,5.171800136892539,0,4.424366872005476
187,P159213,IN01322695,Number of women and children who have received basic nutrition services,0.75,1,4.41877575,0.21,0,Crecer Sano,Guatemala,GTM,LCR,HNP,A,IPF,IBRD,2017-03-24,2027-07-31,0,0,0,UMC,0,1,0,100.0,4.605170185988092,2017,8.268309377138946,0,10.351813826146476
188,P175884,IN01405161-F,Average outpatient visits per month,0.514455322,1,0.64250505,2.0659460800000002,0,COVID-19 Response Project,Mozambique,MOZ,AFE,HNP,C,IPF,IDA,2021-06-03,2024-06-30,1,1,0,LIC,1,0,1,156.61345911,5.053780725649016,2021,4.073921971252567,0,3.07460643394935
189,P175884,IN01405147,Proportion of females,0.514455322,1,1.3125809,1.2467166200000002,0,COVID-19 Response Project,Mozambique,MOZ,AFE,HNP,C,IPF,IDA,2021-06-03,2024-06-30,1,1,0,LIC,1,0,1,156.61345911,5.053780725649016,2021,4.073921971252567,0,3.07460643394935
190,P147555,IN01393346,(PDO 6) Number of women and children who have received basic nutrition services,1.0,0,0.0,0.0,1,DRC -Health System Strengthening Project,"Congo, Democratic Republic of",COD,AFE,HNP,C,IPF,IDA,2014-12-18,2024-06-30,1,1,0,LIC,0,0,1,660.0,6.492239835020471,2015,10.532511978097194,0,9.533196440793978
191,P167890,IN01388868,"People who have received essential health, nutrition, and population (HNP) services - Female (RMS requirement)",1.0,0,0.590328,1.09234,0,Health System Strengthening,"Congo, Republic of",COG,AFW,HNP,C,IPF,IDA,2021-06-02,2025-08-31,1,0,0,LMC,1,0,1,35.0298062,3.5561993047932923,2021,4.076659822039699,0,4.246406570841889
192,P171144,IN01331862,People registered for hypertension screening and follow-up: female,1.0,0,0.0013586300000000002,0.582309,0,Urban HNP Project,Bangladesh,BGD,SAR,HNP,A,IPF,IDA,2023-08-30,2028-12-31,0,1,0,LMC,1,1,1,200.0,5.298317366548036,2024,1.834360027378508,0,5.338809034907597
193,P168295,IN01368607-F,Number of children undergoing early screening for auditive problems,0.5038219,1,0.0,0.0,1,GZ: Early Childhood Development,West Bank and Gaza,PSE,MENAAP,EDU,A,IPF,SPF,2019-12-18,2026-01-31,1,0,0,LMC,1,1,0,9.0,2.1972245773362196,2020,5.533196440793977,0,6.121834360027378
194,P173855,IN01431456-F,"Percentage of the population fully vaccinated which is included in the priority population targets as defined in the national plan disaggregated by sex, age group and location.",0.511824986,1,5.4170885,5.42386834,0,wanda COVID-19 Emergency Response,Rwanda,RWA,AFE,HNP,C,IPF,IDA,2020-04-07,2025-06-30,0,1,0,LIC,1,0,1,76.24999836,4.334017393979324,2020,5.229295003422314,0,5.229295003422314
195,P171767,IN01383321-F,"Children who have received curative services by community relays for children who suffer from pneumonia, uncomplicated malaria and diarrhea",0.492265087,1,0.0922058,0.023581099999999997,0,LAFIA-IYALI Girls Women Health Nutrition,Niger,NER,AFW,HNP,A,IPF,IDA,2021-09-23,2026-12-31,1,1,0,LIC,1,1,1,100.0,4.605170185988092,2022,3.7672826830937716,0,5.270362765229295
196,P180849,IN01332504,Of which women,1.0,0,0.0,0.0,1,Türkiye Earthquake ERL,Türkiye,TUR,ECA,URS,A,IPF,IBRD,2023-06-27,2028-06-30,0,0,0,UMC,1,1,0,1207.5,7.096307385526727,2023,2.0095824777549622,0,5.0102669404517455
197,P504764,IN00012737-F,Pregnant women receiving four antenatal care visits,1.0,0,0.0,0.0,1,Rwanda HEPRR,Rwanda,RWA,AFE,HNP,A,IPF,IDA,2024-05-24,2030-03-31,0,1,0,LIC,1,1,1,120.0,4.787491742782046,2024,1.1006160164271048,0,5.8507871321013
198,P172615,IN00025697,"People receiving quality health, nutrition, and population services – Female",1.0,0,0.0,5.0,0,NHSP,Pakistan,PAK,MENAAP,HNP,A,P4R,IDA,2022-06-07,2026-12-31,0,0,0,LMC,1,1,1,258.0,5.552959584921617,2022,3.0636550308008212,0,4.566735112936345
199,P160948,IN01417299,Percentage of women (ages 15-49) who had a family planning consultation,1.0,0,0.0,0.0,1,Angola HSPSP,Angola,AGO,AFE,HNP,C,IPF,IBRD,2018-03-29,2025-03-31,0,1,0,LMC,0,0,0,110.0,4.700480365792417,2018,7.255304585900069,0,7.006160164271047
200,P504764,IN00012740-F,Infants receiving Pentavalent 3 vaccine,0.511824986,1,0.0,0.0,1,Rwanda HEPRR,Rwanda,RWA,AFE,HNP,A,IPF,IDA,2024-05-24,2030-03-31,0,1,0,LIC,1,1,1,120.0,4.787491742782046,2024,1.1006160164271048,0,5.8507871321013
201,P173883,IN01425848,"Percentage of females vaccinated, as defined in national plan",1.0,0,0.0,0.0,1,Eswatini COVID-19 ERP,Eswatini,SWZ,AFE,HNP,C,IPF,IBRD,2020-04-20,2024-09-30,0,0,0,LMC,1,0,0,11.0,2.3978952727983707,2020,5.193702943189596,0,4.446269678302532
202,P170435,IN01324080-F,Number of referral cases handled through the dispatch systems established by the regions,0.504189579,1,0.01685707,0.00403352,0,Tanzania Investing in People Project,Tanzania,TZA,AFE,HNP,A,P4R,IDA,2022-12-20,2027-12-31,0,1,0,LMC,1,1,1,285.0,5.652489180268651,2023,2.5270362765229293,0,5.02943189596167
203,P176480,IN01402933,Female,0.508218537,1,1.9515591799999998,1.58564184,0,South Sudan Emergency COVID-19 Project,South Sudan,SSD,AFE,HNP,C,IPF,IDA,2021-06-28,2025-07-31,1,1,0,LIC,1,0,1,330.0,5.799092654460526,2021,4.005475701574264,0,4.090349075975359
204,P167890,IN01388897-F,Women aged 15-49 who have used modern contraceptive methods,1.0,0,0.041923,0.131296,0,Health System Strengthening,"Congo, Republic of",COG,AFW,HNP,C,IPF,IDA,2021-06-02,2025-08-31,1,0,0,LMC,1,0,1,35.0298062,3.5561993047932923,2021,4.076659822039699,0,4.246406570841889
205,P171767,IN01383316,Number of women and children who have received basic nutrition services,0.75,1,0.60320775,2.4649725,0,LAFIA-IYALI Girls Women Health Nutrition,Niger,NER,AFW,HNP,A,IPF,IDA,2021-09-23,2026-12-31,1,1,0,LIC,1,1,1,100.0,4.605170185988092,2022,3.7672826830937716,0,5.270362765229295
206,P176480,IN01402939,Female,1.0,0,2.023191,1.5,0,South Sudan Emergency COVID-19 Project,South Sudan,SSD,AFE,HNP,C,IPF,IDA,2021-06-28,2025-07-31,1,1,0,LIC,1,0,1,330.0,5.799092654460526,2021,4.005475701574264,0,4.090349075975359
207,P161770,IN01415424,"People who have received essential health, nutrition, and population (HNP) services - Female (RMS requirement)",0.75,1,0.0,0.0,1,Multisectoral Nutrition and Child Dev.,Cote d'Ivoire,CIV,AFW,HNP,C,IPF,IDA,2018-01-19,2024-03-29,0,0,0,LMC,0,0,1,50.0,3.912023005428146,2018,7.444216290212183,0,6.190280629705681
208,P160948,IN01417234-F,Percentage of pregnant women who receive four antenatal (ANC) consultations,1.0,0,0.0,0.0,1,Angola HSPSP,Angola,AGO,AFE,HNP,C,IPF,IBRD,2018-03-29,2025-03-31,0,1,0,LMC,0,0,0,110.0,4.700480365792417,2018,7.255304585900069,0,7.006160164271047
209,P156165,IN00029982-F,Number of women receiving deliveries attended by skilled health personnel,1.0,0,0.0,0.0,1,INAYA,Mauritania,MRT,AFW,HNP,C,IPF,IDA,2017-05-19,2023-12-31,0,1,0,LMC,0,0,1,40.0,3.6888794541139363,2017,8.114989733059549,0,6.617385352498289
210,P149340,IN01423502-F,"People who have received essential health, nutrition, and population (HNP) services",0.484395639,1,0.0,0.0,1,Nagaland Health Project,India,IND,SAR,HNP,C,IPF,IDA,2016-12-19,2024-06-30,0,0,0,LMC,0,0,1,43.0,3.7612001156935624,2017,8.528405201916495,0,7.529089664613279
211,P161283,IN01370253,"People who have received essential health, nutrition, and population (HNP) services - Female (RMS requirement)",1.0,0,0.256003,0.19352,0,Grassroots Health Service Delivery,Viet Nam,VNM,EAP,HNP,C,IPF,IDA,2019-06-19,2024-12-31,0,0,0,LMC,0,0,1,69.01671194,4.234348677300068,2019,6.031485284052019,0,5.535934291581109
212,P170435,IN01324083-F,Percentage of new family planning clients who received modern contraceptive methods,0.504189579,1,0.01936087,0.24201098999999998,0,Tanzania Investing in People Project,Tanzania,TZA,AFE,HNP,A,P4R,IDA,2022-12-20,2027-12-31,0,1,0,LMC,1,1,1,285.0,5.652489180268651,2023,2.5270362765229293,0,5.02943189596167
213,P171144,IN00008398,Children receiving nutrition services (ages 0-5 years): female,1.0,0,0.010339,1.228584,0,Urban HNP Project,Bangladesh,BGD,SAR,HNP,A,IPF,IDA,2023-08-30,2028-12-31,0,1,0,LMC,1,1,1,200.0,5.298317366548036,2024,1.834360027378508,0,5.338809034907597
214,P156165,IN01326198-F,Number of home visits received by children 0-5 years old (cumulative),0.509168327,1,0.0,0.0,1,INAYA,Mauritania,MRT,AFW,HNP,C,IPF,IDA,2017-05-19,2023-12-31,0,1,0,LMC,0,0,1,40.0,3.6888794541139363,2017,8.114989733059549,0,6.617385352498289
215,P171144,IN01290795-F,Women receiving four or more antenatal care checkup,1.0,0,0.001867,0.25596,0,Urban HNP Project,Bangladesh,BGD,SAR,HNP,A,IPF,IDA,2023-08-30,2028-12-31,0,1,0,LMC,1,1,1,200.0,5.298317366548036,2024,1.834360027378508,0,5.338809034907597
216,P171767,IN01383333-F,Adolescent students enrolled in lower and upper secondary education receiving services from an integrated school-health and/or nutrition package,0.492265087,1,0.0015467,0.11795459,0,LAFIA-IYALI Girls Women Health Nutrition,Niger,NER,AFW,HNP,A,IPF,IDA,2021-09-23,2026-12-31,1,1,0,LIC,1,1,1,100.0,4.605170185988092,2022,3.7672826830937716,0,5.270362765229295
217,P156165,IN00029980-F,Number of children immunized,0.509168327,1,0.0,0.0,1,INAYA,Mauritania,MRT,AFW,HNP,C,IPF,IDA,2017-05-19,2023-12-31,0,1,0,LMC,0,0,1,40.0,3.6888794541139363,2017,8.114989733059549,0,6.617385352498289
218,P173855,IN01431467-F,Number of infants receiving Pentavalent 3 vaccine,0.511824986,1,0.0,0.0,0,wanda COVID-19 Emergency Response,Rwanda,RWA,AFE,HNP,C,IPF,IDA,2020-04-07,2025-06-30,0,1,0,LIC,1,0,1,76.24999836,4.334017393979324,2020,5.229295003422314,0,5.229295003422314
219,P171144,IN01331863,Children who are fully immunized ages 0-12 months: female,1.0,0,0.00123,0.01775,0,Urban HNP Project,Bangladesh,BGD,SAR,HNP,A,IPF,IDA,2023-08-30,2028-12-31,0,1,0,LMC,1,1,1,200.0,5.298317366548036,2024,1.834360027378508,0,5.338809034907597
220,P160948,IN01417297,Number of female adolescents ages 12-15 that had a family planning consultation,1.0,0,0.0,0.0,1,Angola HSPSP,Angola,AGO,AFE,HNP,C,IPF,IBRD,2018-03-29,2025-03-31,0,1,0,LMC,0,0,0,110.0,4.700480365792417,2018,7.255304585900069,0,7.006160164271047
