"elapsed","ind_type","progress"
0.2,"reach",0.0751081292496789
0.25,"reach",0.0911879066813119
0.3,"reach",0.111217757772172
0.35,"reach",0.136074175439797
0.4,"reach",0.16672144943429
0.45,"reach",0.204137866126622
0.5,"reach",0.249181677495605
0.55,"reach",0.302386688202163
0.6,"reach",0.363700466663356
0.65,"reach",0.432219426963097
0.7,"reach",0.506022089625951
0.75,"reach",0.582221153135638
0.8,"reach",0.657306131571318
0.85,"reach",0.727725972131234
0.9,"reach",0.790529162980491
0.95,"reach",0.843835408841646
1,"reach",0.886996171263998
0.2,"output",0.0634217801306197
0.25,"output",0.0772805815762597
0.3,"output",0.0946612981798991
0.35,"output",0.11640512186318
0.4,"output",0.143474646088598
0.45,"output",0.176906642323911
0.5,"output",0.217710779260893
0.55,"output",0.266695894161478
0.6,"output",0.324219734726556
0.65,"output",0.389892708256788
0.7,"output",0.462318728591633
0.75,"output",0.539002269744727
0.8,"output",0.616543581100823
0.85,"output",0.69114758350923
0.9,"output",0.759315244553319
0.95,"output",0.818473074029032
1,"output",0.867320329218689
0.2,"outcome",0.0440304831530367
0.25,"outcome",0.0540051151049939
0.3,"outcome",0.0666679139182948
0.35,"outcome",0.0827409235849449
0.4,"outcome",0.103100748386332
0.45,"outcome",0.128774730171477
0.5,"outcome",0.160902955660738
0.55,"outcome",0.200642706924669
0.6,"outcome",0.248990239954118
0.65,"outcome",0.306507104306971
0.7,"outcome",0.372975619339201
0.75,"outcome",0.447072301931058
0.8,"outcome",0.526213243124147
0.85,"outcome",0.606732095428005
0.9,"outcome",0.684443508421088
0.95,"outcome",0.755447353929047
1,"outcome",0.816874911461366
