"model","term","estimate","se","p"
"LPM, hand-coded subsample","(Intercept)",0.135836423182776,0.077181507269221,0.0791963664315825
"LPM, hand-coded subsample","sectorwash",-0.159723683174934,0.0734837987609967,0.030335389604509
"LPM, hand-coded subsample","sectorgender_equality",-0.0116665613777024,0.0767910006248468,0.879323539565428
"LPM, hand-coded subsample","sectoreconomic_opportunity",0.0225512237709697,0.0843243627643644,0.78927583001175
"LPM, hand-coded subsample","sectorfinancial_services",-0.123525694666063,0.0772198127549284,0.110480993279718
"LPM, hand-coded subsample","cohortFY20-21",0.0387655974605369,0.0566332893870219,0.494063775556843
"LPM, hand-coded subsample","cohortFY22-23",0.0780247818831727,0.0516983408910883,0.132047171771671
"LPM, hand-coded subsample","cohortFY24",-0.103943168675205,0.0348774804874089,0.00306018010186072
"LPM, hand-coded subsample","cohortFY25 (post-Scorecard)",0.0517993922736867,0.0614495147388139,0.399766997552866
