"family_label","achieved_m.adjusted","achieved_m.coverage","achieved_m.direct","achieved_m.unit","total","share","results"
"Aggregate HNP service count",70.41375986,0,109.706973,0,180.12073286,0.580000223508804,41
"Vaccination (incl. COVID-19)",0,72.96548112,0.911221,0,73.87670212,0.237887682674474,13
"Outpatient visits and consultations",0,0,0,30.63878408,30.63878408,0.0986588347286495,3
"Screening (NCDs, mental health)",0.03199933,15.50538968,0.107726,0,15.64511501,0.0503782660582105,8
"Maternal, reproductive health and family planning",0.26181613,0.38547952,5.071845,0,5.71914065,0.0184159968850256,14
"Other services",0,1.88430992,0,0.033434,1.91774392,0.00617525747631276,4
"Health facilities",0,0,0,1.37,1.37,0.00441148719300776,1
"TB and HIV",0.18730925,0.000583575,0.066672,0.64893,0.903494825,0.00290931083900459,4
"Nutrition services",0,0.03279355,0.328361,0,0.36115455,0.00116294063651203,4
