"item","achieved_m","expected_m"
"WBG headline (published)",378.926567,466.518803
"  World Bank (IBRD/IDA) projects",310.552868,349.455163
"    sum of project records in this paper",310.552868015,349.45516317
"      of which IDA-financed",225.389179,268.64553
"      of which IBRD-financed",78.642558,75.739856
"      of which other (trust funds)",6.52113099999998,5.06977700000002
"  IFC (aggregate only)",68.310599,115.71964
"  MIGA (aggregate only)",0.0631,1.344
"Reconciliation gap",-1.50000118992466e-08,NA
