"model","term","estimate","se","p","n","r2","dep_mean","dep_mean_other"
"(1) Rescaled","(Intercept)",-0.136836670408212,0.0720355020734054,0.0575816225437441,3132,0.144131117968131,0.101532567049808,0.0871574777154176
"(1) Rescaled","health",0.441941361688739,0.0545395318642588,7.61589765163921e-16,3132,0.144131117968131,0.101532567049808,0.0871574777154176
"(1) Rescaled","regionAFW",0.0857501500315515,0.0424037701450038,0.0432380774647695,3132,0.144131117968131,0.101532567049808,0.0871574777154176
"(1) Rescaled","regionEAP",0.0108391825213127,0.0412302442188448,0.792649713731353,3132,0.144131117968131,0.101532567049808,0.0871574777154176
"(1) Rescaled","regionECA",-0.000925880203974525,0.0387075429788334,0.980918042272842,3132,0.144131117968131,0.101532567049808,0.0871574777154176
"(1) Rescaled","regionLCR",0.0958830759491545,0.0541880849382411,0.076916851515028,3132,0.144131117968131,0.101532567049808,0.0871574777154176
"(1) Rescaled","regionMENAAP",-0.012480102628486,0.0282409703339068,0.658581579746636,3132,0.144131117968131,0.101532567049808,0.0871574777154176
"(1) Rescaled","regionSAR",-0.0332046618778268,0.0338302213404603,0.326418190735652,3132,0.144131117968131,0.101532567049808,0.0871574777154176
"(1) Rescaled","fcv",0.0322668127776281,0.0289161095186443,0.264561101177868,3132,0.144131117968131,0.101532567049808,0.0871574777154176
"(1) Rescaled","incomeHIC",-0.0647557114557246,0.0531920261071854,0.223546263923676,3132,0.144131117968131,0.101532567049808,0.0871574777154176
"(1) Rescaled","incomeLMC",-0.0057603598387851,0.0402043860492972,0.886080777054064,3132,0.144131117968131,0.101532567049808,0.0871574777154176
"(1) Rescaled","incomeUMC",0.003382784183133,0.0478082439211726,0.943595432161665,3132,0.144131117968131,0.101532567049808,0.0871574777154176
"(1) Rescaled","incomeUnknown",-0.128609525472405,0.0382140944695269,0.00077331833872336,3132,0.144131117968131,0.101532567049808,0.0871574777154176
"(1) Rescaled","ida",0.0325879517025214,0.0277365653792097,0.240120877910521,3132,0.144131117968131,0.101532567049808,0.0871574777154176
"(1) Rescaled","instrumentDPL",-0.00968313125142812,0.0335117105804294,0.772640662614013,3132,0.144131117968131,0.101532567049808,0.0871574777154176
"(1) Rescaled","instrumentP4R",-0.0561752403678252,0.0281023293692976,0.0457002720613919,3132,0.144131117968131,0.101532567049808,0.0871574777154176
"(1) Rescaled","log_commit",0.041991575536812,0.013316821250161,0.00162988537649873,3132,0.144131117968131,0.101532567049808,0.0871574777154176
"(1) Rescaled","cohortFY20-21",-0.0280884517779787,0.0443490407473083,0.526551858405965,3132,0.144131117968131,0.101532567049808,0.0871574777154176
"(1) Rescaled","cohortFY22-23",-0.050998508843902,0.0377220329686309,0.176487838349954,3132,0.144131117968131,0.101532567049808,0.0871574777154176
"(1) Rescaled","cohortFY24",-0.01534389865387,0.0556893335897613,0.782929909568573,3132,0.144131117968131,0.101532567049808,0.0871574777154176
"(1) Rescaled","cohortFY25",-0.101686619564044,0.0335946635163201,0.00249126615540832,3132,0.144131117968131,0.101532567049808,0.0871574777154176
"(2) Female figure fixed share","(Intercept)",0.212933480040702,0.0723122123974244,0.00327687738576664,1734,0.0513549498026579,0.22318339100346,0.20960960960961
"(2) Female figure fixed share","health",0.333270370792034,0.0607725248201502,4.78121338178663e-08,1734,0.0513549498026579,0.22318339100346,0.20960960960961
"(2) Female figure fixed share","regionAFW",-0.0131034412122669,0.0308411962163083,0.670986171732131,1734,0.0513549498026579,0.22318339100346,0.20960960960961
"(2) Female figure fixed share","regionEAP",0.0604061932975989,0.0485771985962159,0.213850405701058,1734,0.0513549498026579,0.22318339100346,0.20960960960961
"(2) Female figure fixed share","regionECA",0.0627708235399274,0.0472787668393378,0.184462483497333,1734,0.0513549498026579,0.22318339100346,0.20960960960961
"(2) Female figure fixed share","regionLCR",0.105559709780826,0.053703583694569,0.0495062784746118,1734,0.0513549498026579,0.22318339100346,0.20960960960961
"(2) Female figure fixed share","regionMENAAP",-0.0166097281039891,0.0388792083103986,0.669277418677042,1734,0.0513549498026579,0.22318339100346,0.20960960960961
"(2) Female figure fixed share","regionSAR",-0.0192064740011613,0.04519051540574,0.670881909035234,1734,0.0513549498026579,0.22318339100346,0.20960960960961
"(2) Female figure fixed share","fcv",0.00839888887435375,0.0261003677740639,0.747649556589438,1734,0.0513549498026579,0.22318339100346,0.20960960960961
"(2) Female figure fixed share","incomeHIC",-0.144171768040823,0.0838788959834125,0.0858299031737164,1734,0.0513549498026579,0.22318339100346,0.20960960960961
"(2) Female figure fixed share","incomeLMC",-0.0152076866714319,0.0316162815229273,0.630572191026106,1734,0.0513549498026579,0.22318339100346,0.20960960960961
"(2) Female figure fixed share","incomeUMC",-0.0195697590809285,0.0490069420726177,0.689702596190812,1734,0.0513549498026579,0.22318339100346,0.20960960960961
"(2) Female figure fixed share","incomeUnknown",-0.100201271174425,0.0555462126660318,0.071418479076212,1734,0.0513549498026579,0.22318339100346,0.20960960960961
"(2) Female figure fixed share","ida",-0.018175572344238,0.0313324567002331,0.561931777469851,1734,0.0513549498026579,0.22318339100346,0.20960960960961
"(2) Female figure fixed share","instrumentDPL",-0.112196422866092,0.0403892194528629,0.00553113064520276,1734,0.0513549498026579,0.22318339100346,0.20960960960961
"(2) Female figure fixed share","instrumentP4R",-0.00682001115566868,0.036118778718562,0.850254888540433,1734,0.0513549498026579,0.22318339100346,0.20960960960961
"(2) Female figure fixed share","log_commit",0.0154951677022931,0.0100787885148144,0.124379137868409,1734,0.0513549498026579,0.22318339100346,0.20960960960961
"(2) Female figure fixed share","cohortFY20-21",-0.0663066426686786,0.0303463809113351,0.0290244168329965,1734,0.0513549498026579,0.22318339100346,0.20960960960961
"(2) Female figure fixed share","cohortFY22-23",-0.0867376161188988,0.0284652203285447,0.00234557337904124,1734,0.0513549498026579,0.22318339100346,0.20960960960961
"(2) Female figure fixed share","cohortFY24",-0.126890728601856,0.0384433948993159,0.000984198662199528,1734,0.0513549498026579,0.22318339100346,0.20960960960961
"(2) Female figure fixed share","cohortFY25",-0.106173189540924,0.0323724521036163,0.00105987855573622,1734,0.0513549498026579,0.22318339100346,0.20960960960961
"(3) Outcome indicator","(Intercept)",0.116255723634077,0.0728895525441953,0.110809662473745,3617,0.0316210529980262,0.143765551562068,0.138602182247125
"(3) Outcome indicator","health",0.0916801903249821,0.0364814869096092,0.0120122677993829,3617,0.0316210529980262,0.143765551562068,0.138602182247125
"(3) Outcome indicator","regionAFW",-0.0373559518295567,0.0253266456054147,0.140309114641386,3617,0.0316210529980262,0.143765551562068,0.138602182247125
"(3) Outcome indicator","regionEAP",-0.039937169637336,0.0459895952883251,0.385235664389775,3617,0.0316210529980262,0.143765551562068,0.138602182247125
"(3) Outcome indicator","regionECA",0.0240448199345753,0.0469247203007339,0.608393714884234,3617,0.0316210529980262,0.143765551562068,0.138602182247125
"(3) Outcome indicator","regionLCR",-0.0129413394498174,0.069953642747568,0.853240415258033,3617,0.0316210529980262,0.143765551562068,0.138602182247125
"(3) Outcome indicator","regionMENAAP",-0.0472561352589576,0.0327609384563543,0.149261528145993,3617,0.0316210529980262,0.143765551562068,0.138602182247125
"(3) Outcome indicator","regionSAR",0.00782419385180124,0.0414237470308266,0.850196080310646,3617,0.0316210529980262,0.143765551562068,0.138602182247125
"(3) Outcome indicator","fcv",-0.0335923155562339,0.0229918508269094,0.144088230393564,3617,0.0316210529980262,0.143765551562068,0.138602182247125
"(3) Outcome indicator","incomeHIC",0.0019881017592165,0.0930104929340108,0.982947680819686,3617,0.0316210529980262,0.143765551562068,0.138602182247125
"(3) Outcome indicator","incomeLMC",0.0446587594269227,0.02794739984756,0.110140276472908,3617,0.0316210529980262,0.143765551562068,0.138602182247125
"(3) Outcome indicator","incomeUMC",0.0712632133912136,0.0560628512146297,0.203764358331595,3617,0.0316210529980262,0.143765551562068,0.138602182247125
"(3) Outcome indicator","incomeUnknown",-0.0265258326803177,0.0430621591299976,0.53794051649557,3617,0.0316210529980262,0.143765551562068,0.138602182247125
"(3) Outcome indicator","ida",-0.00647991287138989,0.0411584435072424,0.87490831780899,3617,0.0316210529980262,0.143765551562068,0.138602182247125
"(3) Outcome indicator","instrumentDPL",-0.0354108793999428,0.0476059870023347,0.457026425414359,3617,0.0316210529980262,0.143765551562068,0.138602182247125
"(3) Outcome indicator","instrumentP4R",-0.0463284365135566,0.0320458535623541,0.148350730380717,3617,0.0316210529980262,0.143765551562068,0.138602182247125
"(3) Outcome indicator","log_commit",-0.00357266347276438,0.00847367151074733,0.673328115958716,3617,0.0316210529980262,0.143765551562068,0.138602182247125
"(3) Outcome indicator","cohortFY20-21",0.0820155577701483,0.0311245185561799,0.00844787391608464,3617,0.0316210529980262,0.143765551562068,0.138602182247125
"(3) Outcome indicator","cohortFY22-23",0.045193136181043,0.0242201017474471,0.0621318107419441,3617,0.0316210529980262,0.143765551562068,0.138602182247125
"(3) Outcome indicator","cohortFY24",0.0324294776356556,0.0341934306675773,0.342983219799835,3617,0.0316210529980262,0.143765551562068,0.138602182247125
"(3) Outcome indicator","cohortFY25",0.0722294607938424,0.0316316223334796,0.0224615128625653,3617,0.0316210529980262,0.143765551562068,0.138602182247125
"(4) Behind schedule","(Intercept)",0.540489027869985,0.147520319957792,0.00025617076323457,1709,0.211100340306331,0.566998244587478,0.583797155225727
"(4) Behind schedule","health",-0.314582969785826,0.059934881416068,1.72581206974288e-07,1709,0.211100340306331,0.566998244587478,0.583797155225727
"(4) Behind schedule","age_bin3-5",-0.0599824216552315,0.0473976204722953,0.205861776972899,1709,0.211100340306331,0.566998244587478,0.583797155225727
"(4) Behind schedule","age_bin5-7",-0.172250096205802,0.0854862644109975,0.0440691961162836,1709,0.211100340306331,0.566998244587478,0.583797155225727
"(4) Behind schedule","age_bin7+",-0.30737106162773,0.105564220261764,0.00364203730800647,1709,0.211100340306331,0.566998244587478,0.583797155225727
"(4) Behind schedule","outcome_ind",0.110703038417672,0.0409728728644468,0.00696447784014866,1709,0.211100340306331,0.566998244587478,0.583797155225727
"(4) Behind schedule","scaled",-0.0990333696568947,0.0398017845316277,0.0129365484674618,1709,0.211100340306331,0.566998244587478,0.583797155225727
"(4) Behind schedule","regionAFW",0.0123751383342434,0.0508521305612942,0.807759782310552,1709,0.211100340306331,0.566998244587478,0.583797155225727
"(4) Behind schedule","regionEAP",0.0251188520945429,0.0742204901966532,0.735077205614799,1709,0.211100340306331,0.566998244587478,0.583797155225727
"(4) Behind schedule","regionECA",-0.0444217635142056,0.0735841478430879,0.546133383614162,1709,0.211100340306331,0.566998244587478,0.583797155225727
"(4) Behind schedule","regionLCR",0.17400028651101,0.0777251193057164,0.0253081690486111,1709,0.211100340306331,0.566998244587478,0.583797155225727
"(4) Behind schedule","regionMENAAP",0.0398005394497247,0.0627624917624603,0.526072178808887,1709,0.211100340306331,0.566998244587478,0.583797155225727
"(4) Behind schedule","regionSAR",-0.060932478139599,0.0716938271331203,0.39550238851628,1709,0.211100340306331,0.566998244587478,0.583797155225727
"(4) Behind schedule","fcv",0.0720297172018472,0.0426838482843221,0.0916892882972644,1709,0.211100340306331,0.566998244587478,0.583797155225727
"(4) Behind schedule","incomeHIC",-0.519017525586025,0.186833267395551,0.00553065091353125,1709,0.211100340306331,0.566998244587478,0.583797155225727
"(4) Behind schedule","incomeLMC",-0.00595102373370743,0.0520940357147739,0.909064196586957,1709,0.211100340306331,0.566998244587478,0.583797155225727
"(4) Behind schedule","incomeUMC",0.060751266120788,0.0736695557610698,0.409689751249923,1709,0.211100340306331,0.566998244587478,0.583797155225727
"(4) Behind schedule","incomeUnknown",-0.0740791428859432,0.130478816258313,0.570281530522651,1709,0.211100340306331,0.566998244587478,0.583797155225727
"(4) Behind schedule","ida",0.01336817498434,0.046432681951998,0.773455341493873,1709,0.211100340306331,0.566998244587478,0.583797155225727
"(4) Behind schedule","instrumentDPL",-0.665097308917062,0.0841517987816489,4.85993324365753e-15,1709,0.211100340306331,0.566998244587478,0.583797155225727
"(4) Behind schedule","instrumentP4R",-0.0599843131921293,0.060777690262242,0.323810855415322,1709,0.211100340306331,0.566998244587478,0.583797155225727
"(4) Behind schedule","log_commit",0.00989545344870901,0.0167551679574235,0.554873709587772,1709,0.211100340306331,0.566998244587478,0.583797155225727
"(4) Behind schedule","cohortFY20-21",0.0269985431727735,0.070101013640565,0.700184064459729,1709,0.211100340306331,0.566998244587478,0.583797155225727
"(4) Behind schedule","cohortFY22-23",0.183547101376091,0.091118261136648,0.0441281264918269,1709,0.211100340306331,0.566998244587478,0.583797155225727
"(4) Behind schedule","cohortFY24",0.216150281857088,0.113936016119638,0.0579831578140444,1709,0.211100340306331,0.566998244587478,0.583797155225727
"(4) Behind schedule","cohortFY25",0.781743087605613,0.200127310783554,9.74560034542918e-05,1709,0.211100340306331,0.566998244587478,0.583797155225727
