"country","achieved_m","share"
"Ethiopia",37.25323872,0.119957799643314
"Indonesia",29.374039,0.0945862750769418
"Burkina Faso",21.342846,0.0687253224754283
"Sudan",15.995,0.0515049179942767
"Afghanistan",15.151665,0.0487893256206159
"India",14.8688946,0.0478787869358264
"Türkiye",12.741454,0.0410282928038667
"Uganda",12.510285,0.0402839139112241
"Congo, Democratic Republic of",12.2904,0.0395758702167464
"Kenya",12.2,0.0392847764632807
"Rwanda",10.58386881,0.0340807311735688
"Mozambique",9.8514135,0.0317221784585939
"Nigeria",9.107921,0.0293280852893623
"Angola",8.7084,0.0280416022420356
"Yemen, Republic of",8.19699419,0.0263948429856525
"South Sudan",7.771325,0.0250241611023365
"Cote d'Ivoire",7.093049,0.0228400692137784
"Chad",6.71791913,0.0216321271574137
"Zimbabwe",5.906403,0.0190189935702501
"Malawi",5.54964455,0.0178702086555258
"Guatemala",4.493037,0.0144678650972336
"Somalia, Federal Republic of",4.06959631,0.0131043591257494
"Egypt, Arab Republic of",4.014658,0.0129274542710264
"Madagascar",3.679596,0.0118485333061625
"Togo",3.53857635,0.0113944410580329
"Burundi",2.53222219,0.0081539166138942
"Haiti",2.024442,0.00651883208466205
"Niger",1.92370425,0.00619445011825517
"Guinea-Bissau",1.84844536,0.0059521117026384
"Lesotho",1.726588,0.00555972324788385
"Argentina",1.6766498,0.00539891906559052
"Senegal",1.515757,0.00488083400964369
"Kyrgyz Republic",1.515634,0.00488043794181541
"Ukraine",1.37,0.00441148719300776
"Ghana",1.20292566,0.00387349718483971
"Papua New Guinea",1.202131,0.00387093832906395
"Cambodia",1.161993,0.00374169141449975
"Gambia, The",0.89703059,0.00288849559089138
"Congo, Republic of",0.852275,0.00274437974264284
"Mauritania",0.83481784,0.00268816657639007
"Viet Nam",0.771395,0.00248394099507315
"Colombia",0.76237088,0.00245488275433726
"West Bank and Gaza",0.614728,0.00197946328407538
"Benin",0.528537,0.00170192277848959
"Comoros",0.434826,0.00140016739429693
"Armenia",0.37342506,0.00120245245966288
"Central African Republic",0.305231,0.000982863246283905
"Lao People's Democratic Republic",0.270828575,0.000872085248257694
"Eswatini",0.25070311,0.000807279970081908
"El Salvador",0.2230867,0.00071835337224844
"Pakistan",0.181363,0.000584000402763113
"Sao Tome and Principe",0.11403,0.000367183857385894
"Liberia",0.081226,0.000261552889590692
"Paraguay",0.078239,0.000251934559484477
"Djibouti",0.07558628,0.000243392632253356
"Tanzania",0.071834,0.000231310051841255
"Honduras",0.03463,0.000111510804010116
"St. Lucia",0.030545,9.83568440222057e-05
"Bangladesh",0.0264413,8.5142668844143e-05
"Georgia",0.01584158,5.10108958299327e-05
"Marshall Islands",0.00788068,2.53762911621842e-05
"Uzbekistan",0.00528,1.70019360431248e-05
