"group","direct","adjusted","coverage","unit","total_m","by"
"AFE",0.159765861274414,0.345384489010344,0.482101956793568,0.0127476929216746,151.49937419,"region"
"AFW",0.821999797717474,0.178000202282526,0,0,57.79026118,"region"
"EAP",0.103871423686796,0.000240350608914786,1.77982872794539e-05,0.89587042741701,32.788267255,"region"
"ECA",0.889864756022173,0,0.0236371049839394,0.0864981389938873,16.02163464,"region"
"LCR",0.733164294904813,0,0.266835705095187,0,9.32300038,"region"
"MENAAP",0.707009665654806,0.292990334345194,0,0,28.23499447,"region"
"SAR",0.00162668369230935,0.000148455866644807,0.998224860441046,0,14.8953359,"region"
"Not FCV",0.304090770741018,0.143434480620715,0.343157459515838,0.209317289122429,143.668230685,"fcv"
"FCV",0.434459493456119,0.301333348141327,0.248514260950157,0.0156928974523961,166.88463733,"fcv"
"IBRD/other",0.279368710108445,0.000294658198835199,0.416065049849656,0.304271581843063,101.09350467,"ida"
"IDA",0.419892596804742,0.338323841953431,0.232563312172231,0.00922024906959644,209.459363345,"ida"
